abahunza	462
abaunza	154
abdegano	638
abdenago	474
abdúl	1270
abel	147
abelardo	2113
abenicio	1096
abraham	465
abrahán	1175
abril	2330
absalón	1633
acero	1616
acevedo	2427
achagua	1728
acisclo	722
acosta	1996
acuña	1310
adarve	1082
adela	315
adelina	1188
ader	62
adolfo	1583
adonai	937
adriano	1681
africano	173
agripina	383
agudelo	1534
aguilar	2185
aguilera	360
aguillón	423
aguirre	2327
agustina	1292
aida	1546
aide	483
alarcón	2390
alba	1773
alban	655
albarracín	2446
albañil	799
albeiro	1490
alberto	2466
albornóz	1336
alcira	1523
aldana	307
aldemar	785
alejandra	1098
alejandro	2362
alexander	2207
alexandra	1845
alexi	457
alfonso	2473
alfredo	2357
alicia	238
alipio	958
aliria	666
alirio	2076
alodia	289
alonso	2120
alvado	1338
alvarado	2412
alveiro	683
alí	1323
amadeo	615
amanda	1585
ambrocio	690
amelia	1700
amparo	2305
amézquita	2102
ana	2322
anadel	966
ananías	1663
anastacio	939
anatilde	1537
anaversa	364
anaís	609
ancízar	636
andrade	1485
andrea	1048
andrés	1631
angarita	2238
angelberto	970
angelita	272
angelmira	280
antonia	2300
antonio	2470
anunciación	1940
anzola	1469
aníbal	2022
aparicio	1930
apolinar	42
apolonio	962
aponte	2063
apoyome	1178
apuleyo	151
aquileo	773
aquilino	531
aracely	1928
aranda	373
araque	558
arbeláez	711
arcadio	136
arcelino	760
arciniégas	1092
arcinégas	201
ardila	1105
arenas	1952
argemiro	1797
arguelles	802
argüello	2299
arias	1711
ariel	1193
arieta	733
ariosto	1
arisméndi	1752
aristides	782
aristizábal	2064
aristóbulo	1517
arles	1002
arlet	581
arley	2000
arma	914
armando	2226
arnoldo	1189
arnulfo	1906
arocha	1377
arquímedes	2171
arsenio	1824
arteaga	792
artunduaga	1148
arturo	2115
arámbula	765
arévalo	2151
arévalos	999
arón	998
ascención	2016
ascensio	363
asdrúbal	1645
asned	729
astrid	1484
astrith	192
asunción	1650
atilúa	1081
audenago	3
augusto	1998
aura	865
aureli	759
aurelio	1874
aurora	1713
auvin	1269
avela	1141
avella	1779
avellaneda	2420
avendaño	2111
ayala	2049
aydée	335
azucena	2038
bacarez	746
badovinac	204
balaguera	2124
balbino	740
balboa	486
balcázar	185
ballesteros	2165
balmiro	1325
baquero	844
baracaldo	1524
barahona	1899
barajas	712
barbosa	1651
barchilon	1278
barona	710
barquero	207
barra	561
barragán	2086
barrantes	421
barrera	2444
barreto	2349
barrios	1751
bartolmé	834
barón	1740
basilio	1385
bastilla	1541
baudilio	1416
baudón	15
bautista	2418
bayona	1754
beatríz	2365
becerra	2441
bedoya	2129
bedoú	613
beiva	362
bejarano	1938
belalcázar	2166
belarmina	1272
belarmino	1573
belisario	1239
belkis	1026
belkys	281
bella	90
bellizia	1331
belquis	874
belsy	1016
beltrán	2353
belén	1722
benancio	909
benavides	2385
benedicto	2311
benigno	1145
benilda	717
benildo	357
benito	1221
benjamín	2262
benítez	2431
berdugo	1372
berenice	2243
bermejo	1800
bermeo	573
bermúdez	2294
bernal	2381
bernarda	896
bernardina	2021
bernardino	1495
bernardo	2155
berroterán	1943
berrío	1130
bersabet	515
bertha	1838
bertilda	775
betancour	2052
betancourt	1459
betancourth	1543
betancur	1625
betancurt	2105
betsabé	312
betulia	108
beyer	1357
bibiana	1078
bienvenido	804
bilbao	803
blanca	2399
blanco	2194
blum	856
boada	110
bohóquez	1328
bohórquez	2442
bolaños	887
bolívar	1974
bonifacio	579
bonilla	2103
bonza	358
borja	1829
borras	1529
bosiga	953
bosigas	604
botello	1810
botero	707
botia	413
bottia	319
boyacá	1658
bran	1332
brando	863
braulio	1156
bredemir	461
brenda	1001
bricelda	104
brigit	801
brigith	294
brijaldo	1926
briseida	512
brown	1725
brunequilde	588
brígida	80
buenaventura	1866
buitraago	1184
buitrago	2482
burgos	2019
buriticá	1294
bustamante	1743
busto	992
bustos	35
báez	2106
bárbara	2029
caballero	2023
cabanzo	1676
cabra	1929
cabrera	2030
cabulo	1477
cadavid	1138
cahueño	1307
caicedo	2004
cainaba	1702
calderón	2293
calero	948
callejas	57
camacho	2320
camano	1231
camargo	2445
camberos	520
camero	299
campo	2213
campoelías	271
canal	1317
cancelado	838
candia	1429
cano	930
carantonio	1349
carantón	1206
cardozo	2387
caren	487
carla	188
carlos	2467
carmela	67
carmelina	1361
carmelo	1720
carmen	2415
carmenza	1656
carnica	823
caro	1660
carranza	1685
carrasco	471
carrera	1412
carreño	2253
carvajal	2443
carvajalino	885
carzón	1247
casallas	91
casanova	84
casiano	158
castañeda	2430
castaño	756
casteblanco	2032
castelblanco	1916
castellano	124
castellanos	2378
castiblanco	2364
castilla	424
castillo	2319
castrillón	758
castro	2281
catalina	595
cataño	713
caterine	1401
catimay	526
caviedes	1721
cavieles	634
cayetano	991
cañadulce	278
cañizales	603
cañón	1941
cecilia	2447
cecilio	52
cedeño	1807
cediel	347
ceila	94
celedonio	1152
celestino	1744
celina	1648
celis	614
celso	1057
cely	1885
cendales	1131
cened	1354
cepeda	2325
cequera	1224
cercado	1237
cervantes	1483
cerón	1617
cetro	668
chacín	1383
chaparro	2401
charles	276
chavarro	408
chaverra	519
chavita	125
chillán	1183
chinchilla	1815
chiquillo	1327
chiquinquirá	832
chirivi	182
chocontá	1127
chávez	2059
chía	1708
cibo	1043
cielo	111
cifuentes	2389
cilia	1831
cipacón	34
cipagauta	2193
cipamocha	1967
ciranicicua	1578
circunsición	1264
ciro	1771
cisneros	973
civel	820
claribel	1142
clarivel	1140
claudia	2184
clavijo	879
clemencia	2094
clemente	392
cleotilde	123
cley	453
cleónimo	924
clodomiro	632
clodosinda	63
cloromiro	1125
clovaldo	1053
clovis	38
cloviz	251
clímaco	1399
cobo	224
cocinero	721
cojo	956
colmenares	2361
colombia	1868
combariza	1544
conave	145
concepción	2301
consejo	535
consición	1364
constantino	849
constanza	2031
consuelo	1455
continchara	129
contreras	2366
corazón	1129
cordero	1687
coronado	2158
coronel	1411
correa	2090
correales	243
corredor	2400
corso	925
cortázar	189
cortés	805
corzo	777
cosecha	202
cote	566
crisanto	371
cristancho	2402
cristian	498
cristiano	1856
cristina	2236
cristo	1561
cristóbal	2280
cruz	2222
cualla	516
cubides	2212
cubillos	1085
cuburuco	1707
cucanchón	30
cuchigay	800
cucunubá	1341
cuervo	376
cuevas	2153
culma	1768
culman	833
cupasachoa	1298
curtidor	1689
cusaría	1248
custodia	1550
custodio	1679
cutiva	1440
cutiño	1134
cuéllar	503
cáceres	2173
cándida	494
cárdenas	2479
césar	1995
céspedes	2053
córdoba	2273
daisy	1277
dalila	1817
dallos	664
damile	138
damián	1154
daniel	1890
danila	1167
danilo	379
darley	163
dary	1914
darío	1165
david	244
daza	1519
de	2220
deisy	936
del	2260
delcy	830
delfina	41
delgadillo	1882
delgado	1983
delmar	812
demetrio	1979
demócrito	268
denice	1018
denire	537
denis	407
deniz	219
denys	1214
deogracias	1762
deomedes	370
depablo	941
desenia	741
desiderio	1904
deyanira	1391
diana	1871
didier	986
dilia	1737
dilsa	1230
dinael	1252
dinarco	1062
dince	943
diocides	292
dioclides	891
diomira	981
diomédes	1642
diomédez	174
dione	442
dionisia	1066
dionisio	1335
dios	1853
diosa	882
diosde	783
dioselina	1804
diva	577
diógenes	1577
dolis	0
dolores	2256
domingo	2214
domitila	1820
donaldo	1276
donato	1736
doncel	7
donima	619
donoso	1799
doralba	1505
dorcinda	1405
dorelly	860
doris	327
dorita	610
dorly	1261
dositeo	1403
douglas	1667
drigelio	1208
drugelio	180
duarte	1697
dueñas	2306
dueñez	842
duffay	1027
dugand	51
duitama	1173
dumas	1386
durango	122
durán	2187
dustano	1794
dusán	538
débora	432
día	1049
díaz	2358
dídimo	627
eccehomo	921
echavarría	65
echenique	926
echeverri	228
echeverry	1207
echeverría	2265
edelmira	2087
eden	720
edgar	2406
edgardo	1202
edid	1508
edigio	354
edilberto	2284
edilia	2182
edilio	1596
edilma	2211
edilsa	1588
edilson	1144
edinson	915
edise	1190
edison	847
edita	628
edith	2360
edmundo	1342
edna	1579
eduard	1260
eduardo	2405
eduviges	2061
eduvina	44
edward	1262
edwin	2148
efigenia	1936
efraín	1893
efrén	377
egue	229
eileen	1011
eladio	2228
elba	497
elberth	451
elcira	162
elcy	267
elena	1609
eleuterio	1099
eleázar	2089
elfa	1410
eliade	341
eliades	952
eliana	1489
elibardo	725
elicenia	17
elicerio	906
elidia	1068
elina	1103
eliodoro	1117
elisa	1467
elisenia	1225
eliseo	12
elisinda	631
elizabeth	2372
elizalde	366
eliécer	2323
elkin	473
elmer	390
elmira	304
elmo	1228
elogia	149
elogio	403
eloima	217
eloy	117
eloísa	1368
elpidia	1418
elpidio	876
elsa	1528
elsy	993
eltimio	308
elvecina	144
elver	1780
elverth	857
elvia	1435
elviatila	788
elvinia	818
elvis	1805
elías	2128
embus	1413
emel	594
emeregildo	19
emerejildo	1316
emeterio	1603
emidio	1244
emigdio	2088
emilda	774
emilia	2034
emiliano	1641
emilio	2067
emir	1818
emira	1606
emma	2044
emperatríz	1863
empidia	1710
empidio	1572
emérita	1433
enciso	533
enelcito	1060
enelia	749
engracia	867
enith	1124
enrico	724
enrique	2407
enriqueta	1023
ensueño	414
epaminondas	1848
eparquio	1334
epifanio	1562
epifanía	1392
epimenia	739
epimenio	1319
epulerio	501
eraldo	387
erasmo	2230
ercilda	513
ercinda	1622
erculano	166
erie	902
erika	872
erikson	620
eriselva	240
erisinda	836
ermelina	4
ermeregildo	715
ermides	195
ernestina	2013
ernesto	2345
erwin	1407
esaú	1422
escalante	1580
escalona	639
escamilla	766
escipión	496
esclamación	685
esclavación	24
escobar	1249
escárraga	495
esguerra	1532
eslava	1531
esmeraldas	1320
esneda	1515
espalsa	321
española	1093
esperanza	2178
espinel	754
espinosa	2337
espitia	2435
esposorio	669
espíndola	285
espíritu	1992
esquivel	1806
estanislao	1977
estaurofilo	1739
estela	1896
estepa	1400
ester	340
esthela	1373
esther	2176
estolgio	1388
estrella	2240
estupiñán	2450
esturofilo	1460
estéban	1970
estévez	1865
esusenio	11
etelvina	1501
eucaris	1395
euclides	1083
eudilio	88
eudocia	1179
eudora	654
eudoro	1907
eudosia	527
eufracio	871
eugenia	2248
eugenio	1647
eulalia	1369
eulegelo	298
eulejelo	1636
eulises	562
eulogio	399
eunice	27
eurípides	2227
euscátegui	880
eusebio	2191
eustacio	1160
eustaquio	2170
eutimio	1472
eutiquiano	1920
eutiquio	73
eva	398
evangelina	2132
evangelino	899
evangelista	2040
evaristo	545
evelia	76
evelina	433
evelio	1151
evelyn	1200
ever	1834
everardo	339
evergisto	283
evert	719
evidalio	1378
evita	37
excehomo	2231
exehomo	310
exenover	1050
exneider	55
expedito	1653
eysy	127
ezequiel	1666
faber	1091
fabiola	1619
fabián	156
fabriciano	1032
facundo	1846
faid	629
fajardo	1927
falck	1118
fandiño	1879
fanny	1910
fany	1324
faracica	811
farasica	1075
faresica	1283
farfán	2326
farid	1005
farías	1629
faunir	1158
faura	1500
faustino	1901
feber	325
feliciano	702
felicita	49
felípe	2036
ferias	1155
ferleín	544
fermán	56
fermín	2104
fernanda	1757
fernando	2380
ferney	1987
fernández	2396
ferreira	1632
ferrucho	235
fetecua	1121
fibracio	1097
fidedigna	429
fidel	1493
fideligna	2112
fideligno	1783
figueredo	2352
figueroa	2433
filadelfia	786
filemón	1837
filipo	1300
fino	1253
firacative	2202
firavitoba	723
fitfield	955
flaminio	2296
flavia	735
flavio	1227
flechas	1430
flor	2232
floralba	2215
floranda	960
florelba	409
florentino	1881
floresmiro	624
floriberto	935
florinda	484
floripes	1250
florisene	1236
florián	1506
floro	976
florángela	884
flover	1302
flóres	425
flórez	2037
fonque	550
fonseca	2454
fontalvo	277
forero	2329
forigua	1313
fosión	737
fracila	920
fraile	551
francelina	738
franci	1169
francisca	1564
francisco	2471
franco	2150
francy	1474
franklin	2177
franklyn	1661
franqui	1985
fravio	569
fredesminda	1958
fredi	2017
fredy	2261
freite	227
fresneda	1767
froilán	1575
froylán	71
fructoso	342
fructuoso	1452
frías	591
frígida	521
fuentes	2411
fula	1670
fulgencio	1329
fulvio	676
fuquen	1522
félix	2219
fúquene	1449
gabriel	2374
gabrielina	1102
gabrielino	1077
gaby	468
gachagoque	2201
gachantivá	1337
gaitán	984
galdames	448
galeano	1604
galindes	1128
galindo	1843
gallo	21
galvis	553
galván	585
gamadiel	45
gambacica	582
gaona	446
garavito	1769
garcés	2269
garcía	2409
garizabal	623
garnica	326
garzón	2081
gaucha	213
gavanzo	652
gavilán	1064
gaviria	2160
gelacio	1741
gelvis	1465
genaro	1921
genis	1146
genoveva	1883
genovés	1291
genri	502
genry	824
gentil	22
georgina	1778
geovani	651
geovany	404
gerardina	218
gerardo	1984
geremías	401
germán	2224
gertrudis	2285
gervacio	1299
gil	2101
gilberto	2348
gildardo	1954
gilde	54
gilma	731
gilmary	810
gimena	1122
giménez	2018
giovana	576
giovani	1238
giovanni	301
giovanny	1972
giovany	1220
giraldo	2183
girata	541
girón	1839
gisela	1476
giselle	1150
gladys	2456
glenda	79
glori	39
gloria	2451
goneche	612
gonzaga	568
gonzalo	2172
gonzález	2485
gonźalez	1450
gordillo	2247
goreti	757
gorfina	1109
gorila	822
goyeneche	2099
graciano	1638
graciela	1944
graciliana	539
graciliano	2057
granados	2235
granda	922
grande	1008
granja	1365
grass	199
gregoria	653
gregorio	2189
grijalba	2278
grimaldo	1031
gross	567
grosso	1793
grueso	1106
guacarapare	428
guache	172
guadalupe	1393
guaje	1113
gualdrón	1724
gualteros	1738
guanare	510
guanay	1704
guanumen	877
guarupe	927
guarín	2084
guasguán	1251
guataquí	780
guateque	1443
guatibonza	1923
guavare	444
guaviare	870
guayacán	443
guayazán	913
guecha	1217
guerra	2161
guerrero	2458
guesguán	211
guevara	2309
guillemo	323
guillermina	2125
guillermo	2455
guillén	2276
guineos	406
guiomar	1850
guisado	1813
gumercindo	1877
gundisalvo	2082
gusca	368
gustavo	2440
gutiérrez	2486
guzmán	2208
guávita	549
guío	2186
gálviz	482
gámez	975
gómez	2463
habacuc	1732
haiver	1715
hamilton	837
hamon	605
haney	1084
harol	1107
harold	492
hasnery	762
haspe	1243
haydée	47
heidy	1076
helecho	355
helena	1615
heliodoro	2154
helivardo	509
helman	1624
hemecinda	1398
hemerson	730
henao	1888
hende	1308
henock	131
henry	2188
henríquez	1340
henández	1257
hercilia	1497
hercilio	1020
hercinda	1718
herederos	1652
heredia	1438
heriberto	221
herlinda	1994
herman	1108
hermelinda	1112
hermelindo	1421
hermencia	2095
hermenegildo	1279
hermeregildo	1054
hermes	1563
hermesinda	997
hermida	452
hermildo	1104
herminia	2216
herminsul	1192
herminta	897
hermosa	167
hermófilo	1241
hermógenes	1542
hernando	2439
hernán	2234
hernández	2484
herra	266
herrera	2403
herrero	904
herrán	601
heyner	868
hidalgo	314
hidelbrando	2164
hidelfonso	1502
hidio	187
hierbas	951
higinio	2110
higuavita	950
higuera	2341
hilda	1931
hildebrando	2394
hilder	536
hillón	1705
hincapié	1766
hinestrosa	996
hinestroza	241
hinojosa	1772
hipólita	1611
hipólito	1969
hoffman	417
hofman	1434
holguín	2338
holman	1511
home	745
homero	752
honorato	1409
honorio	18
horacio	2242
hormasa	46
hormaza	1840
hormidas	2163
hornaza	178
hortencia	1504
hortensia	1036
hortúa	1745
hostos	1763
hover	459
hoyos	1951
huber	101
huberléin	5
hubeymar	1271
huepo	1451
huertas	2315
huerto	337
hugo	2267
humberta	622
humberto	2393
humbolth	464
humos	237
hurtado	2377
huérfano	2239
héctor	2379
hélida	1088
ibarguen	709
ibeth	2217
ibáñez	2318
idalit	858
idelfonso	1872
idelson	216
idú	1037
iglesia	1089
ignacio	2363
ilce	607
ildebrando	606
ildelfonso	1288
ilmo	650
ilsen	259
imelda	1971
indalecia	932
indalecio	1999
inelsa	845
infante	1942
ingri	1362
ingrid	732
ingry	476
inmaculada	1061
inocencia	1136
inocencio	1862
inocente	290
insuati	734
inés	2074
inéz	1682
inírida	273
irene	1436
iris	1259
irma	1602
isaac	2116
isabel	2371
isadora	2
isairías	1554
isaura	850
isauro	1623
isaías	2001
isidro	2066
ismael	2144
ismenia	1669
ismer	1356
isnardo	1204
isnelda	269
isolina	2254
israel	2199
itacué	892
itsmenia	1024
ivonne	1067
iván	2335
izaquitá	1895
izaza	455
izquierdo	817
jaamón	586
jacanamijoy	1509
jacinto	1980
jacobo	1285
jahír	556
jail	282
jaime	2376
jainer	1095
jair	600
jairo	2370
james	2134
jamilton	589
janeth	2229
janneth	489
jaquelina	1223
jaquelyn	1074
jara	1233
jaramillo	1986
jasmín	995
jaspe	1975
jauregui	1978
javier	2373
jazmín	288
jeanette	1756
jenifer	1360
jenny	139
jeremías	1776
jerena	727
jerónima	1171
jesucristo	1590
jesús	2395
jhoana	1417
jhon	1812
jimmy	678
jiménez	2476
jiomar	374
joaquín	2388
joel	2093
johana	1887
johann	1218
johanny	894
johnson	1086
jonson	169
jorge	2472
joselyn	674
joselín	1116
joseu	635
josué	978
josé	2475
judith	2035
juez	1170
julia	1688
juliana	1267
julieth	945
julio	2414
junco	309
jurado	1627
justiniano	841
justo	220
juvenal	1785
juvencio	1019
juya	764
juán	2391
jymmy	547
kattah	1694
klein	1350
kurmen	346
kusguen	311
ladino	1017
ladislao	895
laguilavo	1268
lamprea	1581
lancheros	647
lanchica	985
landaeta	1948
landazábal	1315
landeros	109
landinez	1289
larrota	2356
larsson	397
lasso	695
latorre	270
latriglia	1802
laureano	2197
laurencio	400
laurentino	1296
lavachuco	82
lavacude	1637
laverde	2046
layton	1427
leal	599
lebi	682
ledesma	878
ledys	1538
legaria	318
leguizamón	2437
leguízamo	1589
leider	203
leidy	989
leiton	333
lelia	287
lemis	382
lemus	2011
lenis	790
leocadia	416
leocadio	1677
leonardo	1566
leoncio	693
leonel	33
leonilde	1046
leonor	1147
leonso	297
leonídas	2209
leopoldo	2152
leotilde	1123
leotulda	118
leovigilda	2167
leovigildo	2340
lesmes	640
lester	112
leticia	714
letrado	507
leyda	233
leyva	1520
león	2180
libadier	1284
libardo	2382
liberato	514
libia	1052
licímaco	1232
lida	95
ligia	1852
lilia	1781
liliana	153
lilibet	1090
lilly	853
limbania	255
linares	940
lionel	206
lira	990
lis	1041
lised	1010
liseth	1376
livaniel	1618
livia	223
liz	633
lizandro	1961
lizarazo	2304
lizcano	912
lizeth	1680
liévano	1514
llano	1759
llanos	1101
loaiza	2359
lobatón	1475
lola	704
lombana	2258
londoño	2127
lopera	508
lorenzo	1991
los	794
lourdes	522
lovis	1111
lozada	1691
lozano	1859
lubín	2025
luciano	1038
lucidio	1442
lucila	1701
lucina	475
lucrecia	1654
lucresio	438
lucía	2159
ludibia	16
ludina	10
ludovina	1731
ludín	543
luengas	1486
lugan	708
luis	2480
luisa	560
lumey	456
luna	1946
luque	1384
luz	2237
luzdary	1698
luzmila	168
lyda	864
lylyan	1004
lópez	2481
macera	275
machado	1172
machuca	375
macualo	1569
macías	592
madeleine	132
maestre	771
magali	645
magaly	963
magda	177
magdalena	2091
magnolia	6
magola	1788
mahecha	1499
malagón	1431
malaver	1897
maldonado	2317
malta	320
mancera	918
manchego	2043
mancipe	1973
manisalvo	491
manjarréz	70
manosalva	2339
manrique	2149
manríquez	949
manuel	2465
manzanares	115
marcela	1775
marcelino	1684
marco	2386
marcos	1671
mardoqueo	2114
marentes	900
margarita	2050
margfoy	1968
mariana	928
marianeli	529
mariano	886
maribel	1110
maricela	534
mariela	1742
mariluz	1265
marina	2283
marino	181
mario	1428
marisela	798
marisol	2223
maritza	1934
mariño	1326
marleni	1196
marleny	1875
marlis	1135
martha	2457
martín	1919
martínez	2487
mary	1959
marycruz	176
maryen	1293
maría	2483
marín	1137
matajira	677
matallana	967
matamoro	435
matamoros	518
mateos	701
mateus	1359
matheus	222
matilde	2097
maura	143
mauricio	2417
maximiliana	479
maximiliano	141
maximino	254
maxlinder	242
mayorga	1567
mayuza	336
maza	1045
mazuera	1464
medellín	1065
medina	2422
medivelso	911
medrano	661
mejía	1858
melecio	29
melgarejo	48
melquecidec	1816
melquicedec	1786
melquisedec	2314
melquíades	1185
mendieta	2282
mendivelso	2355
mendoza	2464
meneses	933
menjura	258
menjure	1774
merardo	250
mercedes	2408
merchán	2351
merizalde	1180
mery	1322
mesa	1536
micaelina	1574
miguel	2460
miguez	1290
mila	587
milbia	548
milcíades	2249
mileidi	779
mileidy	1382
milena	1513
milla	260
millán	1591
milton	1912
minislav	530
miranda	2010
mireya	1488
miriam	1925
mirian	66
miryam	2310
misael	2271
mogollón	257
moisés	2047
mojica	2051
molano	2045
molina	2302
moncada	1674
monroy	2206
monsalve	2250
monsocua	1880
montalvo	564
montana	434
montaña	2298
montaño	20
montañéz	2383
montealegre	1646
montenegro	2263
montero	449
montes	430
montiel	1552
montoya	2270
monzaque	602
monzoque	171
mora	1274
morales	2384
morano	1030
morantes	1639
morcote	1191
moreno	2474
morera	1414
morillo	431
mosquera	2225
mosso	1851
motrovich	808
motta	1297
moya	1282
moyano	1672
mozo	1447
mujanajinsoy	1312
munca	540
munévar	2350
murcia	2275
muriel	1605
murillo	1917
mutis	252
muñetón	286
muñoz	2424
muñíz	641
myriam	1833
myrian	1526
márquez	2272
mélida	338
méndez	2204
mónica	2006
múnera	1215
nacianceno	2015
nadia	1352
najar	75
nancy	2266
napoleón	692
naranjo	2354
narciso	352
narváez	302
natividad	1473
navarra	97
navarrete	1830
navarro	1201
navas	881
nayibe	1198
nayive	1133
naír	161
nehemías	190
neiger	1306
neira	1827
neita	964
nelci	1321
nell	552
nelly	2020
nelson	2198
nelsy	1945
nely	1263
nemeguen	31
nemesio	617
nemocón	934
nepomuceno	2290
nereida	851
nereo	1644
nery	859
neuta	1358
neville	919
neyib	907
niampira	938
niceforo	439
nick	99
nicodemos	1415
nicodemus	2122
nicolás	1835
nicomedes	1953
nidia	869
nidya	1696
nieto	191
nieves	1662
nina	637
ninfa	1209
niquepa	1692
nirson	74
nitola	1841
niyereth	322
niño	2432
noboa	761
nocobe	330
noemi	300
noguera	747
nohemy	359
nohemí	2060
nohora	1612
nolberto	705
nomezque	210
nontien	1634
nonzoque	772
norato	1094
norberto	1795
norbey	1518
norela	1345
noreyda	200
noriega	1482
norma	866
nova	1770
novas	1234
novoa	1548
noé	1132
nubia	2062
nubya	1374
numesque	1749
numpaque	2139
nunila	840
nunsaba	1162
nustez	2027
nutez	437
nuvia	626
nydia	445
némesis	686
néstor	1734
núñez	1870
obando	2041
obdulio	1181
obregoso	1344
obregón	480
ocación	78
ochoa	2054
octaviano	1351
octavio	1245
octimia	646
ocías	583
odilia	1765
odilio	814
ofelia	1798
ofir	1555
oicata	1240
ojeda	1976
olano	819
olarte	1621
olegario	2026
olga	2344
olinda	306
oliva	1993
olivares	100
olivarez	806
oliverio	2083
oliveros	1937
olivo	596
olivos	1353
olmedo	974
olmos	1908
olver	1210
omaira	2142
omar	2121
omayra	908
onofre	559
onorio	980
onésimo	1216
oracia	485
ordener	644
ordoñez	2346
orduña	59
ordúz	1539
oreja	500
orejarena	748
orentire	317
orestes	1187
orfelina	86
orfelminda	249
orfilia	1659
orjuela	2009
orla	160
orlando	2421
ormaza	1855
ormidas	140
oromacio	1211
oropesa	305
oropeza	2079
oros	361
orozco	2205
ortega	1782
ortegate	1305
ortegón	616
ortíz	2416
osa	1758
osbaldo	348
oscar	2336
oseas	380
osman	972
osorio	1012
ospina	1229
ossa	1466
ostios	778
ostos	1861
osvaldo	1750
oswaldo	2289
otavo	1394
otelo	770
otilia	2008
otocilia	296
otálora	2146
otálvaro	1333
ovalle	642
ovejero	2003
ovidio	2098
oviedo	2024
oyola	369
oñate	103
pabhuense	968
pablina	1000
pablo	2425
pabón	1889
pacabaque	1699
pacacira	961
pacanchique	1947
pacateque	1825
pacavita	648
pacheco	2002
pacho	1287
pachón	1787
paco	396
pacomio	264
padilla	1712
padres	848
paiba	263
paipa	691
paipilla	2157
palacios	2145
palencia	9
pallares	1426
paloma	1176
palomares	875
palomino	2251
pamenio	119
pan	1286
panfilo	43
paniagua	525
panqueba	1988
panqueva	769
pantoja	247
paola	345
parada	2070
paredes	2140
pareja	1199
parmenio	1496
parra	2291
parrado	625
pasachoa	2313
pascual	1047
pascuala	36
pasion	1389
pastor	1379
patalagua	1479
patarroyo	2375
paternina	1847
patino	1556
patiño	2058
patricia	2436
patricio	1716
patrocinia	1594
patrocinio	1530
paula	415
paulino	142
paulo	68
paz	1461
pedraos	1719
pedraza	2175
pedro	2461
pedroza	2257
peláez	506
penagos	1777
perafán	230
peralta	1559
perdomo	1709
perea	611
peregrino	1309
pereira	1726
perico	331
perilla	2297
pesca	1693
pez	910
peña	2295
peñalosa	905
peñaloza	1009
peñón	1159
piamonte	1703
pidiache	116
pidiachi	1803
piedrahíta	1614
piero	684
pineda	2343
pinedo	784
pinilla	2135
pinto	1494
pinzón	2410
pipe	1164
pirabague	1044
pirabaque	410
pirachicán	1665
piracon	1387
piragauta	2141
piraguata	862
piraján	1836
piramanrique	1194
piraquive	1892
pirateque	1600
piratoba	643
piratova	165
piravague	665
piravaque	13
pirazán	1301
piriache	1242
pito	681
piza	246
piñedes	395
piñero	703
piñeros	1864
piñuela	917
plauxila	1420
plazas	2190
plinio	412
polidoro	542
polo	1034
pompilio	1790
ponare	1406
ponguta	1957
porfidia	767
porfidio	1593
porfirio	332
porras	1565
portela	378
portilla	28
portuguéz	660
posidia	1576
posso	1587
poveda	2287
praxedes	813
praxedis	1982
preciado	2071
precistato	234
pregonero	225
presentación	1747
prieto	2068
primitiva	353
primitivo	1811
priscila	1784
profetiza	1014
próspero	1761
puentes	1527
puerto	2092
pulido	2404
puno	673
pureza	736
páez	1913
pérez	2426
quenguan	313
querubín	232
quevedo	1492
quezada	1458
quiazua	854
quicasaque	1884
quiceno	2252
quijano	1087
quimbayo	1635
quinaya	231
quinta	179
quintana	2342
quintero	2368
quiroga	2100
quiróz	2048
quispi	977
quitián	1854
quiñones	2292
quróz	947
raba	186
rafael	2448
rafaela	1445
rafaelino	743
rafico	1381
ragua	1448
raimundo	351
ramiro	2123
ramos	1956
ramírez	2462
ramón	1933
rangel	1303
ravelo	2096
raymundo	843
rayo	1437
raúl	1457
real	208
reapira	1222
reatiga	447
rebeca	687
rebolledo	1828
recalde	472
redondo	215
refugio	1557
reina	1849
reinaldo	2241
reinel	1949
reinoso	855
remigio	1507
rendón	1432
rengifo	1886
rescanevo	888
restrepo	1463
resurrección	1809
retavisca	787
revellón	209
revelo	1425
reyes	2117
reynaldo	1990
riapira	1540
riascos	789
riay	467
riaño	2133
ricardo	2303
ricaurte	2308
richard	1404
rico	1059
rigoberto	2255
rincón	2367
ripe	393
riscanevo	2126
riso	1029
rita	1664
rivadeneira	971
rivas	504
rivera	2279
riveros	1832
rivilla	1219
riátiva	1275
roa	528
robba	155
roberth	1266
roberto	2328
robles	2203
roboán	1069
roca	584
rocha	1380
roche	1857
rocío	982
rodolfo	1714
rodrigo	1673
rodríguez	2488
rodulfo	1801
rogelia	742
rogelio	2162
rogerio	114
rojas	2438
rolando	1051
rolfe	839
romer	85
romero	2181
romualdo	1764
roncancio	1963
ronchanquira	420
ronchaquira	77
ronderos	1842
rondón	1280
rooselvet	831
roosembel	554
ropero	828
roque	1568
rosa	2397
rosabel	261
rosalba	2075
rosalbina	1346
rosana	1498
rosario	1903
rosaura	193
roseli	1339
rosemberg	405
rosendo	350
rosero	265
rosevel	718
rosillo	458
rosmira	50
roso	1035
rosolino	1727
rozo	1791
ruber	1396
rubi	1304
rubiano	2147
rubio	1367
ruby	2014
rubén	2244
rud	698
rudecindo	1733
rueda	1161
rufiniano	988
ruje	1481
rusinque	658
russi	1826
russy	1042
ruth	1997
ruver	488
ruíz	2136
rátiva	1470
rúa	944
saavedra	2333
saba	706
sabaraín	1844
sabat	1558
sabogal	1678
sabria	670
sabulón	214
sacristán	656
saganome	1960
sahira	256
saida	597
sairías	493
saiz	391
sajonero	40
salamanca	2449
salanueva	69
salas	901
salazar	2307
salcedo	2392
saldana	1348
saldarriaga	1080
saldaña	2078
salem	598
salgado	2130
salguero	1525
salinas	979
salomón	2192
salustiano	93
salvador	2039
samacá	175
samaniego	367
samit	570
samora	105
samudio	61
samuel	1915
samír	1462
sanabria	2453
sandino	1822
sandoval	2423
sandra	2245
santafé	1823
santiago	365
santisteban	1717
santos	1894
sanudo	293
sanín	343
sara	1028
saraza	1281
saret	931
sarmiento	2312
sarrazola	571
sastoque	835
sastre	689
sativa	1163
satizábal	157
satoba	1570
saturdina	524
saulo	1819
saúl	1119
sebastián	1453
segismundo	197
segovia	1039
segua	1168
seguera	903
segundo	2324
segura	2108
seija	728
selva	96
senejoa	1610
seneth	969
sepúlveda	2428
sequera	454
serafín	316
sergio	1989
serna	1318
serrano	2143
severino	696
severo	1055
shalosky	152
siabato	2259
siachoque	893
siatama	164
siatame	253
siaucho	2056
sibilina	795
siboche	184
sicacha	81
sichacá	1792
sicuamia	1668
siempira	1902
sienn	1203
sierra	2288
sierva	295
siervo	450
sigifredo	2264
silva	2277
silvania	511
silverio	1808
silvestre	2069
silvia	1981
silvino	1695
silvio	1487
simanca	1003
simbaguera	565
simbaqueba	2137
simbasica	898
simmonds	1878
simón	388
sinaí	753
sinforoso	546
siria	159
siriaco	1521
sixto	239
smorz	821
socadagui	1962
socha	2085
sofía	1607
sogamoso	1072
solano	2055
soledad	463
soler	1939
solera	1512
solman	236
solorza	957
solís	1205
sonia	1516
sonya	983
soraca	1491
sosa	1608
sotachán	751
sotaquirá	1909
sotelo	150
soto	2221
sotobán	134
sotomonte	1419
stella	1025
stillfried	1174
suancha	994
suarique	183
suavita	113
suaza	1120
sucerquia	198
sucesión	1924
sucre	1371
suesca	1723
suescún	2218
suica	32
sumapáz	1033
supanteve	608
suspe	205
sustampira	781
susunaga	1595
suárez	2468
szemelveisz	578
sábato	1480
sáenz	2429
sánchez	2478
sárate	14
tabaco	1630
taborda	107
tafúr	797
taita	697
talero	1582
tamayo	2107
tambo	575
tandioy	25
tangua	826
tapia	1690
tapias	130
tapiero	1439
tarazona	2195
tarcisio	557
tarciso	517
tarquino	776
tatiana	1535
tavera	1314
teatino	1424
tegua	1212
tejedor	1114
telésforo	490
temístocles	1640
tenjo	667
teobaldo	196
teodomila	1213
teodoro	1273
teofilde	248
teovaldo	329
teresa	2174
tereza	726
tetelúa	226
teudolo	441
teófilo	1441
tibabija	356
tibacuy	1657
tibaduiza	2334
tibagán	120
tibambre	436
tibamosa	659
tibamoso	1058
tibamozo	883
tibaque	768
tibaquira	1153
tibatá	1821
tibavija	2042
tibay	1186
tiberio	1869
tiburcio	53
tiedra	1143
tiga	58
tilia	427
tilsia	672
timoleo	680
timoleón	2073
timoteo	324
tinedo	72
tinjacá	1510
tinoco	126
tipazoca	1370
tirso	1330
tiusaba	1258
tiuzo	64
tiófilo	675
tobar	135
tobaría	422
tobasura	1964
tobian	618
tobito	791
tobón	700
tocarruncho	2007
tojanci	2119
toloza	466
tomás	574
toncón	1898
toner	121
tongua	750
toni	389
tonocolia	386
tonsasci	23
torache	1753
toribio	146
tornero	929
toro	1444
torrecilla	1040
torres	2469
toscano	469
totaitive	1601
tovar	2168
tovasura	889
translaviña	1256
traslaviña	1706
trejos	1545
triana	1649
triglia	671
trillos	1021
trinidad	1905
tristancho	1746
truca	807
trujillo	2118
tránsito	2077
tuay	593
tufik	1139
tulfo	923
tulio	1586
tumay	657
tunarosa	699
tunarrosa	1643
tunjacipá	755
tupanteve	2065
turbay	1007
turiel	621
téllez	411
ubaldina	563
ubilerma	916
uchamocha	2028
ucrós	1584
uladislao	873
uldarico	1551
ulises	1860
ulloa	1620
ulpiano	1796
umaña	1547
umbacia	825
umbariba	170
umbarila	1935
uncaria	83
undelina	555
unibio	419
unriza	2012
unrriza	1235
urazán	1056
urbano	1966
urego	763
ureña	1592
urian	954
uricoechea	663
uriel	2080
urintive	1867
uriza	1079
urpiano	274
urquijo	1295
urrea	688
urrego	2033
urrutia	846
urueña	965
usaquén	829
uscátegui	2413
useche	1965
useda	426
usgame	716
usme	1571
uva	1166
uvaldina	532
uvaldino	816
uyabán	1456
vaca	1100
vacares	662
valbuena	2274
valcárcel	2109
valderrama	2398
valdión	694
valdés	1553
valencia	1911
valentina	1730
valentín	1408
valeria	291
valerio	460
valero	1598
valest	1375
valiente	470
vallares	1022
vallejo	2179
vanegas	1932
vaquero	890
vaquiro	1402
varela	1900
varelo	245
vargas	2477
vasallo	384
vega	2196
vegamaría	1347
velandia	2452
velasco	2200
velosa	128
velásquez	2316
venado	1195
venancio	679
venavides	987
ventura	744
vera	1560
verbel	1070
verdugo	1950
verenice	1254
vergara	2268
vergel	2169
verona	102
verónica	98
viajan	372
viancha	1686
viasus	1533
vicencio	194
vicenta	1013
vicente	2138
victoria	1126
vides	1729
viedma	580
viguéz	133
villa	328
villabón	262
villafañe	1157
villafrades	1628
villagrán	89
villalba	1735
villalobos	1748
villalva	1063
villamarín	523
villamil	2369
villamizar	1471
villamor	809
villanueva	1955
villaquirán	793
villareal	861
villate	2156
villesca	796
villescas	572
villeta	827
vinchery	1922
virgilio	1876
virginia	2005
virgues	8
virguez	1390
virviescas	630
visitación	1755
viviescas	1599
vladimir	1454
vogell	477
vásquez	2347
vélez	418
víctor	2459
wagner	1115
waked	505
waldo	402
walter	590
walteros	2246
walther	1177
wenceslado	1149
wenceslao	1468
widerkehr	478
wilches	2210
wilfrido	815
william	2434
willinton	481
wilman	1814
wilmer	1397
wilson	2332
wiston	1073
wittingham	344
wittinghan	1549
xavier	60
ximena	1015
yackeline	26
yagama	499
yalile	440
yamile	381
yaneth	1597
yanid	946
yanira	1363
yaqueline	385
yaquive	1478
yaride	279
yasmín	1197
yavé	92
yazmin	1226
yen	1423
yenny	1613
yesenia	1683
yesid	1891
yezenia	334
yilcen	1182
yimmy	1355
yisela	303
yohana	649
yolanda	1675
yolima	1446
young	106
yovany	148
yunis	1246
zambrano	2331
zamora	2131
zamudio	212
zanguña	852
zaraza	1789
zenaida	87
zipa	1071
zocimo	394
zoila	1760
zoraida	349
zorro	1918
zotaquirá	1311
zubieta	1626
zulema	284
zuleta	1255
zuluaga	1366
zuria	942
zárate	1873
zúñiga	1655
águeda	137
álvarez	2419
álvaro	2321
ángel	2286
ángela	2233
ángeles	959
ávila	2072
érica	1503
ítalo	1006
úrsula	1343
