aa	ana
aalvaro	álvaro
abauza	abaunza
abdalon	absalón
abdenaco	abdenago
abdu	abdúl
abegano	abdegano
abelaredo	abelardo
abemicio	abenicio
aberlardo	abelardo
aberto	alberto
abhunza	abahunza
abil	abril
abirl	abril
ablo	pablo
abnril	abril
abohorquez	bohórquez
abrabam	abraham
abregon	obregón
abrilq	abril
abriñ	abril
abrl	abril
acbarracin	albarracín
acellaneda	avellaneda
acerom	acero
acevado	acevedo
acevdo	acevedo
acevedi	acevedo
acevedor	acevedo
acevedso	acevedo
aceveso	acevedo
acheverria	echeverría
achgua	achagua
achogua	achagua
aciclo	acisclo
acila	ávila
acostra	acosta
acota	acosta
acrdozp	cardozo
acrranza	carranza
acuevas	cuevas
adberto	alberto
adelan	adela
aderlina	adelina
adgar	edgar
adoldo	adolfo
adolofo	adolfo
adonail	adonai
adrea	andrea
adres	andrés
adrieano	adriano
aeguello	argüello
aeljandro	alejandro
aenz	sáenz
aeocha	arocha
aeuclides	euclides
aevalo	arévalo
aevedo	acevedo
aflonso	alfonso
afredo	alfredo
agarita	angarita
agela	ángela
agfricano	africano
agilar	aguilar
agipina	agripina
agirre	aguirre
agudeelo	agudelo
agudello	agudelo
aguello	argüello
aguera	águeda
aguialr	aguilar
aguierre	aguirre
aguilino	aquilino
aguire	aguirre
aguirree	aguirre
aguirrre	aguirre
agular	aguilar
agulera	aguilera
aguliar	aguilar
agullion	aguillón
agurre	aguirre
agusttina	agustina
airas	arias
airias	arias
ajime	jaime
alaba	alba
alabeiro	albeiro
alaejandra	alejandra
alaexander	alexander
alairio	alirio
alajandro	alejandro
alalrcon	alarcón
alaracon	alarcón
alarccon	alarcón
alarco	alarcón
alarcom	alarcón
alavarez	álvarez
alavaro	álvaro
alavbarracin	albarracín
albaerto	alberto
albana	alban
albanil	albañil
albaracion	albarracín
albarado	alvarado
albararcion	albarracín
albarraciin	albarracín
albarracil	albarracín
albarracing	albarracín
albarracion	albarracín
albarrasil	albarracín
albarricin	albarracín
albarrracin	albarracín
albbarracin	albarracín
albelardo	abelardo
albereto	alberto
alberio	albeiro
albero	alberto
albertol	alberto
albertoo	alberto
albertro	alberto
albertto	alberto
albeto	alberto
albrerto	alberto
albrracin	albarracín
albrto	alberto
albsalon	absalón
alcitra	alcira
aldna	aldana
aldonso	alfonso
aldredo	alfredo
aleberto	alberto
alebrto	alberto
alejandfro	alejandro
alejando	alejandro
alejendro	alejandro
alejgando	alejandro
alenajdro	alejandro
alenxandra	alexandra
alercon	alarcón
alexanderm	alexander
alexnader	alexander
alexsander	alexander
alfanso	alfonso
alfinso	alfonso
alfnso	alfonso
alfomso	alfonso
alfondo	alfonso
alfono	alfonso
alfopnso	alfonso
alfosno	alfonso
alfoso	alfonso
alfrdo	alfredo
alfredfo	alfredo
alfredos	alfredo
alga	olga
algel	ángel
algonso	alfonso
alicica	alicia
aliirio	alirio
aliruo	alirio
allfonso	alfonso
alnfonso	alfonso
alnfoso	alfonso
alngelmira	angelmira
alntonio	antonio
aloida	alodia
alosno	alonso
alpredo	alfredo
alrcon	alarcón
alrjandro	alejandro
alrley	arley
alrturo	arturo
alureano	laureano
alvaarado	alvarado
alvadado	alvarado
alvaerz	álvarez
alvaez	álvarez
alvara	álvaro
alvaraado	alvarado
alvaraddo	alvarado
alvaradi	alvarado
alvaraez	álvarez
alvararez	álvarez
alvardado	alvarado
alvardo	alvarado
alviarez	álvarez
alvrado	alvarado
alvrez	álvarez
alvro	álvaro
ama	ana
amade	amadeo
amaldonado	maldonado
amamda	amanda
amaparo	amparo
amapro	amparo
amaria	maría
amatilde	anatilde
amdrade	andrade
amenquita	amézquita
amezauita	amézquita
amezquta	amézquita
amma	emma
amnada	amanda
ampara	amparo
amparao	amparo
ampario	amparo
amrco	marco
amria	maría
amriela	mariela
amrina	marina
amrisol	marisol
amrtin	martín
amrtinez	martínez
amuricio	mauricio
amyriam	myriam
an	ana
anagel	ángel
anaibal	aníbal
anaiss	anaís
ananaias	ananías
ananisas	ananías
anatacio	anastacio
anatonio	antonio
anaverso	anaversa
anbrocio	ambrocio
anchez	sánchez
andoval	sandoval
andrda	andrade
andrres	andrés
anfredo	alfredo
angal	ángel
angaria	angarita
angartia	angarita
angaruta	angarita
angek	ángel
angelea	ángeles
anglita	angelita
angrita	angarita
angrla	ángela
angtonio	antonio
angula	ángela
angwel	ángel
anibasl	aníbal
anobal	aníbal
anotnio	antonio
anparo	amparo
anrique	enrique
anronio	antonio
anrtonio	antonio
anta	ana
antilde	anatilde
antnio	antonio
anto	antonia
antoio	antonio
antomia	antonia
antoniao	antonia
antonias	antonia
antoniia	antonia
antoniio	antonio
antonioi	antonio
antonioo	antonio
antonnio	antonio
antono	antonio
antonuio	antonio
anuel	manuel
anunciacicn	anunciación
anunciaciom	anunciación
anuniacion	anunciación
anunila	nunila
anyonio	antonio
anzonla	anzola
aocsta	acosta
aofonso	alfonso
aolga	olga
aolonso	alonso
aomar	omar
apariacio	aparicio
apariciio	aparicio
apblo	pablo
apnte	aponte
apolnar	apolinar
aponste	aponte
apopnte	aponte
apornte	aponte
apoyame	apoyome
aquevedo	quevedo
aquirre	aguirre
aqvila	ávila
aracelu	aracely
aracey	aracely
aramando	armando
aranbula	arámbula
arande	aranda
arauqe	araque
aravalo	arévalo
arcdio	arcadio
arcia	garcía
arcnigas	arcinégas
arddila	ardila
aresenio	arsenio
arevalaos	arévalos
arevelo	arévalo
argello	argüello
argimiro	argemiro
arguellez	arguelles
arguerllo	argüello
argullo	argüello
arier	ariel
arismnedi	arisméndi
aristibulo	aristóbulo
aristide	aristides
aristisabal	aristizábal
aristizaabal	aristizábal
aristrith	astrith
aristzabal	aristizábal
arizmende	arisméndi
ariztizabal	aristizábal
arjemiro	argemiro
arlando	orlando
arlecy	arley
arled	arles
arlett	arlet
arliria	aliria
arm	arma
armanado	armando
armanro	armando
armendo	armando
arnando	armando
arnolfo	arnulfo
arnuldo	arnoldo
arnulfom	arnulfo
arold	harold
aroon	arón
arozco	orozco
arquimeds	arquímedes
arquimes	arquímedes
arquimides	arquímedes
arsenico	arsenio
arsiniegas	arciniégas
arta	martha
artiz	ortíz
artturo	arturo
artunduaca	artunduaga
artutro	arturo
aruelio	aurelio
arurelio	aurelio
aruturo	arturo
arvajal	carvajal
arvelaez	arbeláez
asaac	isaac
asanchez	sánchez
ascrnsio	ascensio
asdrual	asdrúbal
asdruval	asdrúbal
asencion	ascención
asevedo	acevedo
asmezquita	amézquita
asnabria	sanabria
astela	estela
astry	astrid
asucena	azucena
asunsion	asunción
atilu	atilúa
atiño	patiño
atonio	antonio
auala	ayala
audemar	aldemar
audenafo	audenago
audilia	edilia
augenia	eugenia
augisto	augusto
auila	ávila
auña	acuña
auraq	aura
auro	aurora
ausgusto	augusto
autonia	antonia
autusto	augusto
auvim	auvin
avalleneda	avellaneda
avangelina	evangelina
avangelino	evangelino
avarado	alvarado
avarez	álvarez
avaristo	evaristo
avecedo	acevedo
avedaño	avendaño
aveela	avela
avellanada	avellaneda
avellanda	avellaneda
avellandea	avellaneda
avellandeda	avellaneda
avelleneda	avellaneda
avellla	avella
avellneda	avellaneda
avendano	avendaño
avenndaño	avendaño
aventaño	avendaño
avevedo	acevedo
avillaneda	avellaneda
avla	ávila
avllaneda	avellaneda
ayalas	ayala
ayalsa	ayala
ayaña	ayala
azlonso	alonso
azucenza	azucena
azusena	azucena
baarera	barrera
baarragan	barragán
babriel	gabriel
bacerra	becerra
bacerrra	becerra
bacilio	basilio
badominac	badovinac
baetriz	beatríz
baguero	baquero
bajarano	bejarano
balagera	balaguera
balanca	blanca
balanguera	balaguera
balarmino	belarmino
balba	alba
balderrama	valderrama
balentina	valentina
balerio	valerio
balesteros	ballesteros
ballejo	vallejo
ballesteos	ballesteros
ballestero	ballesteros
ballesterods	ballesteros
balmore	balmiro
balnca	blanca
balnco	blanco
balvino	balbino
banancio	benancio
banavides	benavides
banavidez	benavides
banca	blanca
banitez	benítez
banjamin	benjamín
baoada	boada
baoyona	bayona
barabara	bárbara
baragan	barragán
barahana	barahona
barajs	barajas
barb	bárbara
barchillon	barchilon
barerra	barrera
bareto	barreto
barin	barón
barnosa	barbosa
barohona	barahona
baronana	barona
baronb	barón
barragn	barragán
barrato	barreto
barrea	barrera
barreara	barrera
barreera	barrera
barrer	barrera
barrerto	barreto
barreta	barrera
barretro	barreto
barrgan	barragán
barriios	barrios
barrra	barra
barrrera	barrera
barrteo	barreto
barrueto	barreto
bartalome	bartolmé
basquez	vásquez
bastgilla	bastilla
batriz	beatríz
bauatista	bautista
baudlio	baudilio
baudoin	baudón
bauitista	bautista
bauitosta	bautista
baustista	bautista
bautisat	bautista
bautistaq	bautista
bautistya	bautista
bautizta	bautista
bayaca	boyacá
bbuitrgo	buitrago
beatiz	beatríz
beatreiz	beatríz
beatris	beatríz
beatrz	beatríz
beaz	báez
bebjamin	benjamín
becarra	becerra
beccera	becerra
beccerra	becerra
becera	becerra
becerrra	becerra
becrra	becerra
bedcerra	becerra
bedeu	bedoú
bedoyo	bedoya
bedpya	bedoya
behiva	beiva
beintez	benítez
bejamin	benjamín
bejaramo	bejarano
bejarrano	bejarano
belarcazar	belalcázar
belizario	belisario
belkyz	belkys
belliza	bellizia
beloen	belén
belssy	belsy
beltan	beltrán
beltra	beltrán
beltraqn	beltrán
beltrl	beltrán
beltrn	beltrán
bely	nely
bemedicto	benedicto
benabides	benavides
benadicto	benedicto
benajmin	benjamín
benal	bernal
benardina	bernardina
benavidas	benavides
benavide	benavides
benbtacur	betancur
benda	brenda
benecdicto	benedicto
benedigto	benedicto
beneducto	benedicto
beneficto	benedicto
benegno	benigno
benevides	benavides
benevidez	benavides
beniitez	benítez
benildu	benildo
benirez	benítez
benitas	benítez
benite	benítez
benitex	benítez
benitz	benítez
benivides	benavides
benjam	benjamín
benjanin	benjamín
bentacour	betancour
bentancur	betancour
bentitez	benítez
bentran	beltrán
bentura	ventura
benulda	benilda
benvides	benavides
beranl	bernal
beranrdino	bernardino
berbosa	barbosa
bercerra	becerra
berdudo	berdugo
berenica	berenice
berenicie	berenice
berenilce	berenice
berenise	berenice
berenize	berenice
bergara	vergara
berha	bertha
berhta	bertha
berjel	vergel
berlamina	belarmina
bermeja	bermejo
bermidez	bermúdez
bermnal	bernal
bermudes	bermúdez
bermuez	bermúdez
bermundez	bermúdez
berna	bernal
bernan	bernal
bernando	bernardo
bernanrda	bernarda
bernanrdina	bernardina
bernanrdino	bernardino
bernanrdo	bernardo
bernardian	bernardina
bernardoi	bernardo
bernel	bernal
bernudez	bermúdez
beronica	verónica
berrera	barrera
berreto	barreto
berriio	berrío
berrios	barrios
berrogeran	berroterán
berroterano	berroterán
berroteras	berroterán
bertilta	bertilda
besabet	bersabet
beserra	becerra
betacourt	betancourt
betacurt	betancurt
betanchr	betancur
betancohur	betancour
betancort	betancurt
betancuorth	betancourth
betancuurt	betancurt
betarcourt	betancourt
betarcourth	betancourth
betarncour	betancour
betencurt	betancurt
betitez	benítez
betran	beltrán
betriz	beatríz
betzabe	betsabé
beya	bella
beyerl	beyer
beynaldo	reynaldo
bez	báez
bhildebrando	hildebrando
bhorquez	bohórquez
bhuerfano	huérfano
bienbenido	bienvenido
bilberto	gilberto
billafañi	villafañe
binitez	benítez
birgilio	virgilio
birguez	virguez
bisigas	bosigas
bitrago	buitrago
blaca	blanca
blaco	blanco
blana	blanca
blanaca	blanca
blanjca	blanca
blannco	blanco
blanoc	blanco
blekis	belkis
blnac	blanca
blnca	blanca
blnco	blanco
blun	blum
bnarrera	barrera
boacarez	bacarez
bodoya	bedoya
bohirquez	bohórquez
bohoorquez	bohórquez
bohorequez	bohórquez
bohorque	bohórquez
bohorquwz	bohórquez
bohorquyez	bohórquez
bohorquz	bohórquez
bohoruez	bohórquez
bolañoz	bolaños
bolibar	bolívar
bolivara	bolívar
boloivar	bolívar
bomnilla	bonilla
bonifasio	bonifacio
boniulla	bonilla
bonolla	bonilla
bonz	bonza
boorquez	bohóquez
borales	morales
borga	borja
borjas	borja
bormejo	bermejo
borquero	barquero
borquez	bohórquez
borraez	borras
borrais	borras
borrantes	barrantes
bosica	bosiga
bostilla	bastilla
botelio	botello
botella	botello
botera	botero
botias	botia
botta	bottia
boyona	bayona
bqrbara	bárbara
bracaldo	baracaldo
brana	bran
brango	brando
braublio	braulio
brcerra	becerra
bredemin	bredemir
bricilda	bricelda
brigidia	brígida
brijalbo	brijaldo
brijaldbo	brijaldo
brijando	brijaldo
bril	abril
brivit	brigit
brnal	bernal
brnardo	bernardo
bromer	romer
bronw	brown
broun	brown
brrera	barrera
bruitrago	buitrago
bruniquilda	brunequilde
bsautista	bautista
buanaventura	buenaventura
buatamante	bustamante
buatista	bautista
buenabentura	buenaventura
buenventura	buenaventura
buietrago	buitrago
buiitrago	buitrago
buirago	buitrago
buitgrago	buitrago
buitrafo	buitrago
buitrag	buitrago
buitraga	buitrago
buitragfa	buitrago
buitragfo	buitrago
buitraggo	buitraago
buitragio	buitrago
buitragop	buitrago
buitrajo	buitrago
buitraqgo	buitrago
buitrato	buitrago
buitrgo	buitrago
buittrago	buitrago
burgoa	burgos
burgosa	burgos
buritaca	buriticá
burtado	hurtado
bustamente	bustamante
buston	busto
bustosa	bustos
butierrez	gutiérrez
butrago	buitrago
buuitrago	buitrago
bvega	vega
caaballero	caballero
caamano	camano
caarvajalino	carvajalino
caatalina	catalina
caavid	cadavid
caballlero	caballero
cabanso	cabanzo
cabanza	cabanzo
cabbra	cabra
cabellero	caballero
cabiedes	caviedes
cabrra	cabra
cabullo	cabulo
caceress	cáceres
cacers	cáceres
cacinero	cocinero
cacres	cáceres
cadozo	cardozo
caedenas	cárdenas
caedozo	cardozo
caelos	carlos
caetro	cetro
caez	báez
cahaparro	chaparro
cahueñp	cahueño
cahverra	chaverra
cahvez	chávez
caiceddo	caicedo
caidedo	caicedo
cainabas	cainaba
cainava	cainaba
caisedo	caicedo
caldenas	cárdenas
caldereon	calderón
caldes	valdés
caldeton	calderón
caldez	valdés
callajas	callejas
calos	carlos
calrlos	carlos
caludia	claudia
calvijo	clavijo
camachoo	camacho
camachor	camacho
camago	camargo
camahco	camacho
camaho	camacho
camamrgo	camargo
camarco	camargo
camardo	camargo
camarga	camargo
camargao	camargo
camargho	camargo
cambreros	camberos
camcho	camacho
camen	carmen
camera	camero
cammacho	camacho
camo	campo
camoargo	camargo
campuelias	campoelías
camrago	camargo
camrgo	camargo
can	cano
cañadilce	cañadulce
canals	canal
canbrera	cabrera
cancelao	cancelado
candeda	cándida
candi	candia
candiad	candia
canizales	cañizales
cañlderon	calderón
canol	cañón
canom	cañón
canon	cañón
canpo	campo
caonsejo	consejo
capeda	cepeda
caqrmen	carmen
caradenas	cárdenas
carantoan	carantón
caravajal	carvajal
carbrera	cabrera
carcia	garcía
carddenas	cárdenas
cardeans	cárdenas
cardebnas	cárdenas
cardehnas	cárdenas
cardemas	cárdenas
carden	cárdenas
cardeñas	cárdenas
cardenass	cárdenas
cardenaz	cárdenas
cardens	cárdenas
cardernas	cárdenas
cardiozo	cardozo
cardoba	córdoba
cardozao	cardozo
cardozoz	cardozo
carelos	carlos
carenas	cárdenas
careño	carreño
carera	carrera
cargia	garcía
carjanal	carvajal
carlnos	carlos
carlo	carlos
carloa	carlos
carlosd	carlos
carlosm	carlos
carloss	carlos
carls	carlos
carlso	carlos
carman	carmen
carmargo	camargo
carme	carmen
carmem	carmen
carmenb	carmen
carmenbza	carmenza
carmenla	carmela
carmenlo	carmelo
carmeno	carmelo
carmne	carmen
carmnen	carmen
carmnza	carmenza
carnicar	carnica
caroenas	cárdenas
caroj	caro
carolos	carlos
caroo	caro
carra	carla
carranzqa	carranza
carrazco	carrasco
carreno	carreño
carreñoñ	carreño
carrerño	carreño
carrreño	carreño
carvaja	carvajal
carvajañl	carvajal
carvajas	carvajal
carvakal	carvajal
carvalal	carvajal
carvalja	carvajal
carvasjal	carvajal
carvjal	carvajal
cary	dary
casalllas	casallas
casanava	casanova
casatellanos	castellanos
caseres	cáceres
casino	casiano
caslteblanco	casteblanco
casrlos	carlos
casro	castro
casrtillo	castillo
casrto	castro
castallanos	castellanos
castañada	castañeda
castañaeda	castañeda
castanleda	castañeda
castañoeda	castañeda
castblanco	castiblanco
casteaneda	castañeda
casteblancao	casteblanco
casteblancoo	castiblanco
castelanco	castiblanco
castelbalnco	castelblanco
castelblnaco	castelblanco
castellamos	castellanos
castellaño	castellano
castellenos	castellanos
castelllanos	castellanos
casteneda	castañeda
casteñeda	castañeda
casteo	castro
castibalco	castiblanco
castiblando	castiblanco
castiblnaco	castiblanco
castiilo	castillo
castilllo	castillo
castilolo	castillo
castllanos	castellanos
castllo	castillo
castñeda	castañeda
castoño	castaño
castrfo	castro
cataneda	castañeda
catañeda	castañeda
catelblanco	casteblanco
catellanos	castellanos
catetano	cayetano
catiblanco	castiblanco
catilla	castilla
catillo	castillo
catimav	catimay
catrillon	castrillón
cavajal	carvajal
caztro	castro
cbra	cabra
cbrera	cabrera
cchigay	cuchigay
ccibo	cibo
cdpeda	cepeda
ceccilia	cecilia
ceceilia	cecilia
cecelia	cecilia
ceciclia	cecilia
ceciilia	cecilia
cecila	cecilia
cecili	cecilia
cecillia	cecilia
cecilua	cecilia
ceclia	cecilia
ceclio	cecilio
cecly	cely
ceecilia	cecilia
ceepeda	cepeda
ceilia	ceila
celcilia	cecilia
celidonio	celedonio
celotilde	cleotilde
celyu	cely
cenecd	cened
ceno	nacianceno
cepedda	cepeda
cepedes	céspedes
cercadao	cercado
cerdenas	cárdenas
cerlos	carlos
cermelina	carmelina
cermen	carmen
cervavtes	cervantes
cesa	césar
cespede	céspedes
cespped	céspedes
cesra	césar
cgutierrez	gutiérrez
chacn	chacín
chaoarro	chaparro
chaoparro	chaparro
chaparo	chaparro
chaparoo	chaparro
chaparroa	chaparro
chaparrro	chaparro
chaporro	chaparro
chaprro	chaparro
chaqvita	chavita
charlies	charles
chavaro	chavarro
chavrez	chávez
chchia	chía
chichilla	chinchilla
chinquilla	chinchilla
chiqullo	chiquillo
chistancho	cristancho
chochonta	chocontá
chparro	chaparro
chuiquinquira	chiquinquirá
ciela	cielo
cierra	sierra
cifentes	cifuentes
cifientes	cifuentes
cifuentas	cifuentes
cifuente	cifuentes
cifuentesa	cifuentes
cifunetes	cifuentes
cihia	chía
cinaricicua	ciranicicua
cipagaaauta	cipagauta
cipagaut	cipagauta
cipaguata	cipagauta
cipaguta	cipagauta
cipamoha	cipamocha
cipamopcha	cipamocha
cipamuchas	cipamocha
cipgauta	cipagauta
cirop	ciro
cirsitina	cristina
cita	rita
citiño	cutiño
civbel	civel
cjavez	chávez
claderon	calderón
clamencia	clemencia
claudua	claudia
clderon	calderón
cldomiro	clodomiro
clemancia	clemencia
clememcia	clemencia
cleoniomo	cleónimo
clis	celis
cllemencia	clemencia
cloavaldo	clovaldo
clodsinda	clodosinda
cloria	gloria
cloro	floro
cloromido	cloromiro
clovix	cloviz
clrivel	clarivel
cluadia	claudia
cludia	claudia
clvis	clovis
cly	cely
cmacho	camacho
cmargo	camargo
cobides	cubides
codoba	córdoba
colemnares	colmenares
colmebares	colmenares
colmemares	colmenares
colmenare	colmenares
colmeneares	colmenares
colmenres	colmenares
colmnenares	colmenares
colomnbia	colombia
comargo	camargo
combriza	combariza
comenares	colmenares
comez	gómez
compo	campo
conbariza	combariza
concenpcion	concepción
conceocion	concepción
concepecion	concepción
concpecion	concepción
concuelo	consuelo
conepcion	concepción
consepcion	concepción
consilcion	consición
consstanza	constanza
constant	constanza
consuleo	consuelo
contantino	constantino
conteras	contreras
continchra	continchara
contraras	contreras
contrerar	contreras
contrerisa	contreras
contresas	contreras
contretas	contreras
contrras	contreras
conya	sonya
coranado	coronado
corazo	corazón
cordaba	córdoba
corderop	cordero
cordoban	córdoba
cordova	córdoba
coredero	cordero
coredor	corredor
corlos	carlos
coroanado	coronado
corobado	coronado
coronal	coronel
corrdedor	corredor
corrder	corredor
corrdor	corredor
correalez	correales
correda	correa
correddor	corredor
corredo	corredor
corredoe	corredor
corredop	corredor
correo	correa
corrrea	correa
corsso	corso
cortaza	cortázar
corts	cortés
corzp	corzo
costanza	constanza
costodio	custodio
covo	cobo
cplombia	colombia
cqastro	castro
cradozo	cardozo
crazon	carzón
crdenas	cárdenas
crdens	cárdenas
crdozo	cardozo
creuz	cruz
crintancho	cristancho
cririvi	chirivi
crisrto	cristo
crist	cristo
cristabal	cristóbal
cristacho	cristancho
cristamcho	cristancho
cristanch	cristancho
cristanco	cristancho
cristanncho	cristancho
cristianao	cristiano
cristibal	cristóbal
cristino	cristiano
cristna	cristina
cristnacho	cristancho
cristoabal	cristóbal
cristoval	cristóbal
cristrina	cristina
cristtian	cristian
critancho	cristancho
critina	cristina
critobal	cristóbal
crmen	carmen
crrea	correa
crrerdor	corredor
crsitancho	cristancho
crsitiano	cristiano
crstina	cristina
crtisanto	crisanto
crtstobal	cristóbal
crus	cruz
csatiblanco	castiblanco
cstellanos	castellanos
cstillo	castillo
ctaño	cataño
ctruz	cruz
cuabides	cubides
cuabillos	cubillos
cuastodia	custodia
cubiodes	cubides
cubises	cubides
cubuides	cubides
cuburucu	cuburuco
cubutuco	cuburuco
cucububa	cucunubá
cuebas	cuevas
cueevas	cuevas
cuelllar	cuéllar
cuerbo	cuervo
cuesvas	cuevas
cufuentes	cifuentes
cugmercindo	gumercindo
cula	culma
culma	culman
culna	culma
cuncanchum	cucanchón
cupaschoa	cupasachoa
curtidur	curtidor
curz	cruz
custosia	custodia
custudio	custodio
cutidor	curtidor
cutivan	cutiva
cutive	cutiva
cuz	cruz
cuzaria	cusaría
dadley	darley
daiz	díaz
dalgado	salgado
dalllos	dallos
damiam	damián
dangel	ángel
dangela	ángela
danuel	daniel
dardenas	cárdenas
dareio	darío
dari	dary
dassy	daisy
davisd	david
dazza	daza
dde	de
ddel	del
ddiaz	díaz
dealile	dalila
deamile	damile
deanilo	danilo
deanire	denire
deatriz	beatríz
deaz	díaz
deel	del
deg	de
degracias	deogracias
degundo	segundo
deilberto	edilberto
deisderio	desiderio
deise	deisy
deisenia	desenia
deiz	díaz
dej	de
delcadillo	delgadillo
deldadillo	delgadillo
delgadao	delgado
delgadilla	delgadillo
delgtado	delgado
dell	del
delmad	delmar
delso	celso
demacrito	demócrito
demaetrio	demetrio
demetro	demetrio
demitrio	demetrio
deniz	denis
dentiz	deniz
deomedea	deomedes
depaulo	depablo
der	de
desisderio	desiderio
devora	débora
deyasira	deyanira
deynis	denys
dfary	dary
dfel	del
diab	día
dianan	diana
dianna	diana
diazz	díaz
didel	fidel
dider	didier
didiana	bibiana
didino	dídimo
digllia	dilia
digoberto	rigoberto
dili	dilia
dilsia	dilsa
dimedes	diomédes
dimingo	domingo
dimoedes	diomédes
dinnce	dince
dio	dios
dioa	dios
diocliris	dioclides
diodelina	dioselina
diognes	diógenes
diomedez	diomédez
diomeira	diomira
diomgenes	diógenes
diomitila	domitila
dioni	dione
dionicia	dionisia
dionso	dionisio
diose	diosde
diositeo	dositeo
dioxides	diocides
dioza	diosa
diran	durán
disiderio	desiderio
diuaz	díaz
divas	diva
diza	díaz
dl	del
dladimir	vladimir
dle	del
dluis	luis
dniel	daniel
dogracias	deogracias
dolila	dalila
doliz	dolis
dolorez	dolores
dolres	dolores
domimgo	domingo
domindgo	domingo
domindo	domingo
domitilia	domitila
domnima	donima
donaldoi	donaldo
donatos	donato
doncell	doncel
donila	danila
donosso	donoso
donso	donoso
doralb	doralba
doralbba	doralba
dorcina	dorcinda
dorelli	dorelly
dorli	dorly
dotnato	donato
dowblas	douglas
doyaca	boyacá
dredy	fredy
drejelio	drigelio
drozo	rozo
druigelio	drugelio
dse	de
dsiaz	díaz
duardo	eduardo
duate	duarte
duby	ruby
duena	dueñas
dueñaz	dueñas
duenez	dueñez
duenñas	dueñas
duenñs	dueñas
dueñs	dueñas
dufay	duffay
dugan	dugand
duglas	douglas
dugo	hugo
duitam	duitama
dumaz	dumas
duñas	dueñas
dura	durán
durain	durán
dural	durán
duram	durán
duris	doris
durte	duarte
dustani	dustano
duzan	dusán
duzman	guzmán
duztano	dustano
dyana	diana
dza	daza
dzas	dios
ealeen	eileen
ebangelista	evangelista
ebelardo	abelardo
ebeth	ibeth
eceheverria	echeverría
ecehverria	echeverría
ecero	acero
ecevedo	acevedo
echeberria	echeverría
echecerria	echeverría
echevarria	echavarría
echeveri	echeverri
echeverrria	echeverría
echevery	echeverry
ecilia	cecilia
eclemente	clemente
ecley	cley
ecnan	hernán
ector	héctor
edagar	edgar
edaor	edgar
edeilmira	edelmira
edelsa	edilsa
edemira	edelmira
edga	edgar
edgard	edgar
edgardi	edgardo
edgr	edgar
edhith	edith
edialia	edilia
edidth	edith
ediise	edise
ediksohn	erikson
edila	edilia
edilama	edilma
edilbeto	edilberto
edilbewrto	edilberto
edilbio	edilio
edilborto	edilberto
edilburto	edilberto
edili	edilia
edilme	edilma
edilmira	edelmira
edilsen	edilson
edilta	edita
edilverto	edilberto
edinso	edison
edinsson	edinson
edioselina	dioselina
edipsa	edilsa
edit	edith
editd	edith
ediwn	edwin
edmumdo	edmundo
edorita	dorita
edouard	eduard
edriano	adriano
edstepa	estepa
edthi	edith
edtna	edna
eduaardo	eduardo
eduardop	eduardo
eduaro	eduardo
edubiges	eduviges
edubijes	eduviges
educardo	eduardo
edudoro	eudoro
eduen	eden
eduerdo	eduardo
eduguio	edigio
eduhin	edwin
edurado	eduardo
edurdo	eduardo
eduvigis	eduviges
eduvijes	eduviges
edver	ever
edvin	edwin
edwuard	edward
edwuin	edwin
eedgar	edgar
eernetina	ernestina
efegenia	efigenia
efiguenia	efigenia
efraim	efraín
efran	efraín
efravio	fravio
efredy	fredy
efreen	efrén
egar	edgar
egues	egue
egustavo	gustavo
ehuertas	huertas
eida	aida
eidelfonso	idelfonso
eidelma	edilma
eilises	ulises
eilmo	elmo
eipmenio	epimenio
eira	neira
eisolina	isolina
eivan	iván
elaba	elba
eladys	ledys
elandia	velandia
elavio	eladio
elbardo	elibardo
elbertht	elberth
elberto	alberto
elbia	elvia
elcicer	eliécer
eldelmira	edelmira
eleacer	eleázar
eleades	eliades
eleana	eliana
eleasa	eleázar
eleasar	eleázar
eleazer	eleázar
elecier	eliécer
eledio	eladio
eleicen	eliécer
eleicer	eliécer
elelia	lelia
elene	elena
elenia	elena
eleoima	eloima
eleotulda	leotulda
eleticia	leticia
eleutrio	eleuterio
elexander	alexander
elexandra	alexandra
elexi	alexi
elia	elías
eliabeth	elizabeth
eliadei	eliade
eliadio	eladio
eliano	eliana
eliaz	elías
elica	érica
elicer	eliécer
eliceria	elicenia
elicero	elicerio
elidi	elidia
elidoro	heliodoro
elieser	eliécer
elima	elina
eliosa	eloísa
elircer	eliécer
elirio	alirio
elisia	elisa
elisinde	elisinda
elisinia	elisenia
elith	edith
elitimio	eltimio
elivaniel	livaniel
elizabeh	elizabeth
elizabeht	elizabeth
elizabelt	elizabeth
elizabelth	elizabeth
elizabth	elizabeth
elizandro	lizandro
elizaneth	elizabeth
elizeth	lizeth
elkim	elkin
elñy	elcy
eloguio	elogio
elsia	elsa
elve	elver
elvelcina	elvecina
elverthg	elverth
elviatida	elviatila
elvinaia	elvinia
elzbeth	elizabeth
emayuza	mayuza
emdigdio	emigdio
emedio	emidio
emegdio	emigdio
emerejildo	emeregildo
emery	mery
emetodio	emeterio
emetrio	emeterio
emidgio	emigdio
emigidio	emigdio
emilbia	milbia
emileidy	mileidy
emilena	milena
emilian	emilia
emiliio	emilio
emilo	emilio
emilton	milton
emiria	emira
emisael	misael
emlia	emilia
emliano	emiliano
emmma	emma
emmna	emma
emndoza	mendoza
emperatris	emperatríz
emperetriz	emperatríz
empido	empidio
empinia	empidia
empiria	empidia
empitio	empidio
emulio	emilio
ena	ana
eña	peña
enairo	jairo
enao	henao
encisa	enciso
encisar	ancízar
endieta	mendieta
enelfico	enelcito
enelias	enelia
enereida	nereida
enerique	enrique
enerita	emérita
enfelberto	angelberto
engri	ingri
enira	emira
enirique	enrique
enis	inés
enma	emma
enna	edna
enoe	noé
enovidio	ovidio
enperatris	emperatríz
enpinosa	espinosa
enricqo	enrico
enriique	enrique
enriqe	enrique
enriqiue	enrique
enriqu	enrique
enriquue	enrique
enrrique	enrique
enrriqueta	enriqueta
ensueno	ensueño
eodriguez	rodríguez
eoilma	edilma
eologia	elogia
eon	león
eonice	eunice
eopulerio	epulerio
epamimondas	epaminondas
epaminonda	epaminondas
eparqio	eparquio
epifamio	epifanio
epifaneo	epifanio
epinel	espinel
epinemia	epimenia
epinosa	espinosa
epitia	espitia
epuleyo	apuleyo
equileo	aquileo
eradio	eladio
eralido	eraldo
eramismo	erasmo
erazmo	erasmo
erculando	erculano
erdgar	edgar
erdugo	verdugo
erecinda	ercinda
erenas	arenas
erene	irene
eresto	ernesto
erevalo	arévalo
erfilia	orfilia
ericilda	ercilda
eries	erie
erikad	erika
erincon	rincón
eriseolva	eriselva
ermerejildo	ermeregildo
ermidez	ermides
ernan	hernán
ernandez	hernández
ernando	hernando
erneesto	ernesto
ernenstina	ernestina
ernesro	ernesto
ernest	ernestina
ernestor	ernesto
ernmesto	ernesto
ernnesto	ernesto
ersmo	erasmo
erwing	erwin
esa	elsa
esabel	isabel
esamilla	escamilla
esamin	samír
esamir	samír
esauc	esaú
escalanta	escalante
escalone	escalona
escarraya	escárraga
escategui	euscátegui
esclacion	esclamación
esclavasion	esclavación
escobal	escobar
escolante	escalante
esduardo	eduardo
esencion	ascención
esgar	edgar
esitia	espitia
eslaba	eslava
eslavia	eslava
eslizalde	elizalde
esmaraldas	esmeraldas
esmeda	esneda
esmerardo	merardo
espalse	espalsa
españoal	española
esperaanza	esperanza
esperana	esperanza
esperansa	esperanza
esperanz	esperanza
espernza	esperanza
espifania	epifanía
espiita	espitia
espindolas	espíndola
espiniosa	espinosa
espinisa	espinosa
espinose	espinosa
espinoso	espinosa
espirituo	espíritu
espiti	espitia
espitita	espitia
espititu	espíritu
espitua	espitia
esponosa	espinosa
esposotio	esposorio
esptia	espitia
esptupiñan	estupiñán
esqguerra	esguerra
esquerra	esguerra
esquive	esquivel
esquvel	esquivel
esrupiñan	estupiñán
estala	estela
estanilado	estanislao
estanislado	estanislao
estaquio	eustaquio
estasnislado	estanislao
estaubrofilo	estaurofilo
estaurofila	estaurofilo
estebal	estéban
estebam	estéban
estebez	estévez
esteher	esther
estehr	esther
estelfa	estela
estevan	estéban
esteve	estévez
esteves	estévez
esthera	esthela
esthere	esther
esthter	esther
estipiñan	estupiñán
estiritu	espíritu
estourofilo	esturofilo
estpiñan	estupiñán
estreella	estrella
estrela	estrella
estrellas	estrella
estrid	astrid
estuiñan	estupiñán
estuñiñan	estupiñán
estupinan	estupiñán
estupiñana	estupiñán
estupiñanm	estupiñán
estupiñna	estupiñán
estupñan	estupiñán
estupuñan	estupiñán
esturofulo	esturofilo
etalvina	etelvina
etelinda	etelvina
etimoleo	timoleo
etrella	estrella
etupiñan	estupiñán
euatimio	eutimio
eucebio	eusebio
eudith	edith
eudocta	eudocia
eudor	eudoro
eudore	eudoro
eudoria	eudora
eugenai	eugenia
eugeniia	eugenia
eugenio	eugenia
eugenuo	eugenio
eujenia	eugenia
euladio	eladio
eulanid	eulalia
eulejelo	eulegelo
eulilio	eudilio
eulixis	eulises
eulofia	eulogio
eumelina	ermelina
eumilia	emilia
euquitiano	eutiquiano
euripedes	eurípides
euripidez	eurípides
euriples	eurípides
eurora	aurora
eurquides	eurípides
eusabio	eusebio
eusevio	eusebio
eusinio	esusenio
eustaqio	eustaquio
eustolfio	estolgio
eustoquio	eustaquio
eutaquiano	eutiquiano
eutugio	eutiquio
evaglina	evangelina
evangelisata	evangelista
evangelistas	evangelista
evedita	evita
eveline	evelina
eveluio	evelio
evengalina	evangelina
evengelina	evangelina
everando	everardo
evergito	evergisto
evers	ever
everst	evert
everyn	evelyn
evidadaleo	evidalio
ewspitia	espitia
excedomo	excehomo
excenomo	exehomo
exceomo	excehomo
excipion	escipión
exedomo	excehomo
exehoma	excehomo
exenider	exneider
exequiel	ezequiel
exodomo	excehomo
exonover	exenover
expedicto	expedito
expidito	expedito
eyalile	yalile
eyanira	yanira
eyen	yen
eyesid	yesid
eyse	eysy
eyzenia	yezenia
ezediel	cediel
ezeuiel	ezequiel
ezpitia	espitia
faaunir	faunir
faaustino	faustino
fabiam	fabián
fabiloa	fabiola
fabre	faber
fabustino	faustino
facumdo	facundo
fafael	rafael
fafan	farfán
fair	jair
fajardop	fajardo
fajaro	fajardo
faldino	fandiño
falfonso	alfonso
fali	alí
falipe	felípe
falk	falck
famelia	amelia
fammy	fanny
fanadel	anadel
fancisco	francisco
fanco	franco
fandiñoc	fandiño
faney	fany
fanfdino	fandiño
fanne	fanny
faoiid	faid
farael	rafael
farafan	farfán
faran	farfán
farcia	faracica
faresica	farasica
farfa	farfán
farfen	farfán
farian	farfán
faridas	farías
farieta	arieta
farit	farid
farman	fermán
farnando	fernando
faroas	farías
farrera	barrera
farsica	faresica
fartfan	farfán
fasion	fosión
faua	faura
faubriciano	fabriciano
fauga	faura
fauistino	faustino
fauricio	mauricio
faviola	fabiola
favundo	facundo
fcalderon	calderón
fcavieles	cavieles
febe	feber
fechas	flechas
fedeligno	fideligno
fedy	fredy
feeeucho	ferrucho
fegueredo	figueredo
fegueroa	figueroa
feis	félix
feix	félix
felexis	félix
felicitas	felicita
felima	celina
felina	celina
felipez	felípe
feliux	félix
felixiano	feliciano
fenandez	fernández
fenedy	fredy
fenenado	fernando
fenice	denice
fenny	fanny
fenrnadez	fernández
feqlix	félix
ferardo	gerardo
fereira	ferreira
ferenando	fernando
feria	ferias
ferlin	ferleín
fermn	fermín
fermnin	fermín
fernadez	fernández
fernadnez	fernández
fernado	fernando
fernanada	fernanda
fernanadez	fernández
fernanado	fernando
fernanddez	fernández
fernandes	fernández
fernando	fernando
fernanez	fernández
fernano	fernando
fernasndez	fernández
fernay	ferney
fernin	fermín
fernney	ferney
ferrerira	ferreira
fetegua	fetecua
ffancisco	francisco
fflor	flor
fgueredo	figueredo
fgueroa	figueroa
fguillermo	guillermo
ficarative	firacative
fidcel	fidel
fidegna	fidedigna
fideliga	fideligna
fidelingna	fideligna
fidelogno	fideligno
fidemon	filemón
figeligna	fideligna
figeredo	figueredo
figeroa	figueroa
figuera	figueroa
figuerea	figueroa
figuereo	figueroa
figuereso	figueredo
figueron	figueroa
figuerora	figueroa
figuerredo	figueredo
fihueroa	figueroa
fijardo	fajardo
fil	gil
filadefia	filadelfia
filedigna	fideligna
filemom	filemón
filpo	filipo
finacative	firacative
fini	fino
firacatibe	firacative
firacativa	firacative
firaintive	firacative
firavitova	firavitoba
firegoa	figueroa
fittfield	fitfield
flabia	flavia
flailo	flavio
flamenio	flaminio
flamimio	flaminio
flamio	flaminio
flanimio	flaminio
flaninio	flaminio
flechaz	flechas
flminio	flaminio
floa	flor
floe	flor
floilan	froilán
flolrinda	florinda
florarba	floralba
florentimo	florentino
florentio	florentino
floresmero	floresmiro
floria	gloria
florin	florián
floripis	floripes
floriseni	florisene
florrelba	florelba
florz	flórez
flower	flover
floylan	froylán
flpe	felípe
flrian	florián
flro	flor
flroralba	floralba
foel	joel
foereo	forero
fojas	rojas
foler	soler
folorez	flórez
fonca	fonseca
fonsca	fonseca
fonsdeca	fonseca
fonse	fonseca
fonsea	fonseca
fonsec	fonseca
fonsecas	fonseca
fonsecva	fonseca
fonsenca	fonseca
fontal	fontalvo
fonteca	fonseca
fonzalez	gonzález
foque	fonque
for	flor
foralba	floralba
foranda	floranda
foremo	forero
foreo	forero
forer	forero
forera	forero
fores	flóres
forfina	gorfina
forge	jorge
foriberto	floriberto
foringua	forigua
forrero	forero
fosca	fonseca
foseca	fonseca
fosenca	fonseca
fracilia	fracila
fracy	francy
frady	fredy
fraklin	franklin
fralie	fraile
francico	francisco
francisc	francisco
francisco	francisca
franciscos	francisco
franciso	francisco
franclin	franklyn
franclyn	franklyn
francos	franco
francsco	francisco
francvisco	francisco
francys	francy
franicsco	francisco
frankiln	franklin
frankin	franklin
franklimn	franklin
franmcisco	francisco
franquil	franqui
franquio	franqui
franquiz	franqui
fransi	franci
fransico	francisco
fransisca	francisca
fransisco	francisco
freancisco	francisco
fredesbinda	fredesminda
fredesvinda	fredesminda
fredil	fredi
fredis	fredi
freedy	fredy
freid	fredi
freitte	freite
frenando	fernando
freney	ferney
frezneda	fresneda
frigith	brigith
frincisco	francisco
frisneda	fresneda
frius	frías
frnacelina	francelina
frnacisco	francisco
frnacisoc	francisco
frnaco	franco
frnanda	fernanda
frncisco	francisco
frnco	franco
frnklin	franklin
frodilan	froilán
froralba	floralba
frorangela	florángela
frorentino	florentino
frorez	flórez
frucruoso	fructuoso
frutoso	fructoso
fubracio	fibracio
fuctuoso	fructuoso
fuenres	fuentes
fuenste	fuentes
fuentas	fuentes
fuente	fuentes
fuentees	fuentes
fuentres	fuentes
fugueredo	figueredo
fugueroa	figueroa
fuillermo	guillermo
fuja	fula
fulbio	fulvio
fulla	fula
funetes	fuentes
fuquenen	fúquene
fuques	fuquen
fuqun	fuquen
fuuquene	fúquene
gaarcia	garcía
gabanzo	gavanzo
gabby	gaby
gabidia	gaviria
gabiel	gabriel
gabilan	gavilán
gabreil	gabriel
gabrial	gabriel
gabrileina	gabrielina
gabulo	cabulo
gacahntiva	gachantivá
gachacoque	gachagoque
gachacote	gachagoque
gachagote	gachagoque
gachapote	gachagoque
gachazoque	gachagoque
gadriel	gabriel
gadys	gladys
gaeces	garcés
gaitn	gaitán
gaivis	galvis
galaeno	galeano
galban	galván
galdanes	galdames
galdys	gladys
galero	calero
galfredo	alfredo
galido	galindo
galind	galindo
galindez	galindes
galleano	galeano
galllo	gallo
galviz	gálviz
gamandiel	gamadiel
gambaciaa	gambacica
gamesz	gámez
gana	ana
ganzalez	gonzález
ganzalo	gonzalo
gaoma	gaona
garaces	garcés
garantonio	carantonio
garavi	garavito
garavita	garavito
garcel	garcés
garcez	garcés
garciela	graciela
garcisa	garcía
garcoa	garcía
garcon	garzón
garcz	garcés
garia	garcía
garica	garcía
gariel	gabriel
garin	guarín
garinica	garnica
garizabalo	garizabal
garnados	granados
garndaza	granda
garzona	garzón
gastelblanco	castelblanco
gatellanos	castellanos
gaucho	gaucha
gaviedes	caviedes
gavira	gaviria
gavirio	gaviria
gavirion	gaviria
gavriel	gabriel
gazon	garzón
gelberto	gilberto
gelbes	gelvis
gelbis	gelvis
gelgado	delgado
generao	genaro
genobeva	genoveva
genoveba	genoveva
genovez	genovés
genrri	genri
genrry	genry
gentiil	gentil
geovanid	geovani
geramias	geremías
gerando	gerardo
geraro	genaro
gereardina	gerardina
gereman	germán
germam	germán
germen	germán
germes	hermes
germin	fermín
gerogina	georgina
gerorgina	georgina
gerra	guerra
gerrardo	gerardo
gertrudes	gertrudis
gertrudid	gertrudis
gertruides	gertrudis
gertudis	gertrudis
gertudris	gertrudis
getrudis	gertrudis
geurra	guerra
gevara	guevara
ggonzalez	gonzález
gherman	germán
ghernandez	hernández
ghiraldo	giraldo
ghustavo	gustavo
gilardo	gildardo
gilbardo	gildardo
gilbeto	gilberto
gilbrto	gilberto
gilc	gil
gilede	gilde
gillermina	guillermina
gillermo	guillermo
gilmanry	gilmary
gimenez	giménez
gimez	giménez
ginez	inéz
ginzalez	gonzález
gionana	giovana
gionanny	giovanny
gionzalez	gonzález
giovahhy	giovanny
giovanne	giovanni
giraldor	giraldo
giralfo	giraldo
girdillo	gordillo
girom	girón
gitierrez	gutiérrez
giuillermo	guillermo
giuo	guío
gladlys	gladys
glady	gladys
gladyi	gladys
gladymir	vladimir
gladyss	gladys
gladyz	gladys
glafys	gladys
glagys	gladys
glaribel	claribel
gldys	gladys
gledi	gladys
gledys	gladys
glena	glenda
gliria	gloria
gliverio	oliverio
glloria	gloria
glma	gilma
glogi	glori
gloira	gloria
glolria	gloria
glora	gloria
glorias	gloria
glorid	gloria
gmez	gómez
goems	gómez
goemz	gómez
goevany	geovany
goimez	gómez
gojo	cojo
golria	gloria
gome	gómez
gomea	gómez
gomes	gómez
gomeza	gómez
gomnez	gómez
gomrz	gómez
gomzalez	gonzález
gonalez	gonźalez
gonalo	gonzalo
gonazalez	gonzález
gonazlez	gonzález
gonmez	gómez
gonmzalez	gonzález
gonnzalez	gonzález
gonsalo	gonzalo
gonxalez	gonzález
gonzaelz	gonzález
gonzaez	gonzález
gonzaklez	gonzález
gonzale	gonzález
gonzalea	gonzález
gonzalezs	gonzález
gonzallez	gonzález
gonzalñez	gonzález
gonzalwez	gonźalez
gonzaqlez	gonzález
gonzelez	gonzález
gonzelz	gonzález
gonzlaez	gonzález
gonzlalez	gonzález
gonzxalez	gonzález
gonzzalez	gonzález
gordilloa	gordillo
gordilo	gordillo
gordoillo	gordillo
gorecti	goreti
goria	gloria
gornazlez	gonzález
gorosso	grosso
gorrilla	gorila
gorsillo	gordillo
gorss	gross
gosa	osa
gote	cote
goyaneche	goyeneche
goyenche	goyeneche
goyoneche	goyeneche
gozalez	gonzález
gozalo	gonzalo
gpmez	gómez
grabiel	gabriel
grabriel	gabriel
graceliano	graciliano
gracialiana	graciliana
gracialiano	graciliano
graciario	graciano
gracielano	graciliano
gracino	graciano
gragorio	gregorio
graiela	graciela
granandos	granados
granaos	granados
granbados	granados
grancisco	francisco
granga	granja
gras	grass
grasiliano	graciliano
grcia	garcía
grciela	graciela
gregorioi	gregorio
gregotio	gregorio
grenas	arenas
grenis	genis
greogorio	gregorio
grgorio	gregorio
grigalba	grijalba
grijaba	grijalba
grijalbam	grijalba
grijalbna	grijalba
grijalbo	grijalba
grijaldo	giraldo
grijalva	grijalba
grinaldo	grimaldo
grnados	granados
grnde	grande
grogoria	gregoria
groria	gloria
grossom	grosso
gruezo	grueso
gsrcia	garcía
gtierrez	gutiérrez
gtloria	gloria
guacararare	guacarapare
guacho	guache
guadalup	guadalupe
guajes	guaje
gualdaron	gualdrón
gualtereos	gualteros
gualtero	gualteros
gualtron	gualdrón
guanai	guanay
guanave	guanare
guanume	guanumen
guarain	guarín
guarope	guarupe
guasguam	guasguán
guastavo	gustavo
guatavo	gustavo
guatequi	guateque
guatibonsa	guatibonza
guatiboza	guatibonza
guativonza	guatibonza
guatoque	guateque
guavare	guaviare
guavave	guavare
guayancan	guayacán
guayatan	guayazán
guazca	gusca
guebara	guevara
gueerrero	guerrero
guera	guerra
guerero	guerrero
guerin	guarín
guerreeo	guerrero
guerreo	guerrero
guerrera	guerrero
guerreri	guerrero
guerreroo	guerrero
guerrra	guerra
guerrreo	guerrero
guerrrero	guerrero
guerrro	guerrero
guetierrez	gutiérrez
guevaro	guevara
guevarra	guevara
guevera	guevara
guevra	guevara
gugo	hugo
guherriz	gutiérrez
gui	guío
guiataqui	guataquí
guierrez	gutiérrez
guilar	aguilar
guildardo	gildardo
guilermina	guillermina
guilermo	guillermo
guilklermo	guillermo
guillan	guillén
guillem	guillén
guillemin	guillén
guillemina	guillermina
guillemo	guillermo
guilleng	guillén
guillent	guillén
guiller	guillemo
guilleremo	guillermo
guillermmo	guillermo
guillermoa	guillermo
guillermoi	guillermo
guillerno	guillermo
guillin	guillén
guilllermo	guillermo
guimar	guiomar
guin	guío
guiok	guío
guiop	guío
guiovani	giovani
guiovanny	giovanny
guiraldo	giraldo
guiroga	quiroga
guiron	girón
guisao	guisado
guisela	gisela
guiselle	giselle
guiterrez	gutiérrez
guitieerez	gutiérrez
guitierrez	gutiérrez
guitrago	buitrago
guizao	guisado
guizman	guzmán
gullermina	guillermina
gullermo	guillermo
guman	guzmán
gumenez	giménez
gumercendo	gumercindo
gumercino	gumercindo
gunaisalvo	gundisalvo
gundisalbo	gundisalvo
gundisaldo	gundisalvo
gundisavo	gundisalvo
gurerrero	guerrero
gurierrez	gutiérrez
gurin	guarín
gurrero	guerrero
gurrrero	guerrero
gurtierrez	gutiérrez
gusguan	guesguán
gusravo	gustavo
gusta	gustavo
gustado	gustavo
gustao	gustavo
gustava	gustavo
gustgavo	gustavo
gustvo	gustavo
gutavo	gustavo
gutieeres	gutiérrez
gutieerez	gutiérrez
gutieerrez	gutiérrez
gutiereez	gutiérrez
gutierez	gutiérrez
gutierrea	gutiérrez
gutierreez	gutiérrez
gutierres	gutiérrez
gutierrgez	gutiérrez
gutierriez	gutiérrez
gutierrres	gutiérrez
gutierrrez	gutiérrez
gutierrz	gutiérrez
gutirrez	gutiérrez
gutirrrez	gutiérrez
gutoerrez	gutiérrez
gutuierrez	gutiérrez
guutierrez	gutiérrez
guyeneche	goyeneche
guyerrero	guerrero
guzaman	guzmán
guzmna	guzmán
habacut	habacuc
habadub	habacuc
habrahan	abrahán
hactor	héctor
hadarbe	adarve
haivher	haiver
haiwer	haiver
halena	helena
halmiton	hamilton
hames	james
hammon	hamon
haoney	haney
hara	jara
haracely	aracely
haracio	horacio
hasmin	jasmín
hasped	haspe
haydde	haydée
hctor	héctor
hdez	hernández
hdolores	dolores
heano	henao
heccehomo	eccehomo
hecilia	hercilia
hecor	héctor
hectior	héctor
hectir	héctor
hecto	héctor
hectro	héctor
hedid	edid
hedilbrando	hildebrando
hedilfonso	hidelfonso
heerera	herrera
heiddy	heidy
helacio	gelacio
helao	henao
helelna	helena
heleodoro	heliodoro
helfa	elfa
helibrando	hildebrando
helica	hélida
helidoro	heliodoro
helizabeth	elizabeth
helly	nelly
helma	helman
helmen	helman
helmira	elmira
heloy	eloy
helsy	elsy
hembus	embus
hemel	emel
hemencia	hermencia
hemerejildo	emerejildo
hemerita	emérita
hemersson	hemerson
hemiliano	emiliano
heminia	herminia
hemir	emir
hemivardo	helivardo
henan	hernán
henandez	hernández
henando	hernando
hendes	hende
henith	enith
hennan	hernán
hennry	henry
henny	jenny
henok	henock
henrrique	enrique
henrriquez	henríquez
henrry	henry
heranandez	hernández
herandez	hernández
herandnez	hernández
herasmo	erasmo
herazmo	erasmo
hercilis	hercilia
herclio	hercilio
herecinda	hercinda
herede	herederos
herededros	herederos
heredeia	heredia
heredie	heredia
heremelinda	hermelinda
heremencia	hermencia
heremildo	hermildo
hereminta	herminta
hereo	nereo
herera	herrera
hererera	herrera
herfano	huérfano
herica	érica
hericinda	hercinda
herisinda	erisinda
herlinada	herlinda
herlind	herlinda
herlnda	herlinda
hermando	hernando
hermann	herman
hermecenda	hemecinda
hermelegildo	hermeregildo
hermelindoi	hermelindo
hermenejildo	hermenegildo
hermenncia	hermencia
hermesenda	hermesinda
hermez	hermes
hermilsul	herminsul
hermnida	hermida
hermninia	herminia
hermofilio	hermófilo
hermognes	hermógenes
hermojenes	hermógenes
herna	hernán
hernadez	hernández
hernado	hernando
hernamdo	hernando
hernanadez	hernández
hernanado	hernando
hernanandez	hernández
hernand	hernando
hernande	hernández
hernandea	hernández
hernandes	hernández
hernandezn	hernández
hernandezs	hernández
hernandezx	hernández
hernandfez	henández
hernandz	hernández
hernanedz	hernández
herndes	hernández
herndo	hernando
hernendez	hernández
hernimia	herminia
hernmadez	hernández
hernnadez	hernández
hernnando	hernando
hernry	henry
herranz	herrán
herrea	herrera
herreda	herrera
herrerno	herrero
herrerra	herrera
herrerz	herrera
herreta	herrera
herrra	herra
herrrera	herrera
herry	henry
hertas	huertas
heryando	hernando
heusebio	eusebio
hevelia	evelia
heydee	aydée
heynner	heyner
hhumbertara	humberta
hidaldo	hidalgo
hidebrando	hidelbrando
hido	hidio
hidu	idú
hiervas	hierbas
hifuera	higuera
higera	higuera
higiniio	higinio
higino	higinio
higo	hugo
higuarita	higuavita
higuerra	higuera
higura	higuera
hiilda	hilda
hijinio	higinio
hila	hilda
hilbeto	gilberto
hilbrando	hidelbrando
hildeb	hildebrando
hildebarndo	hildebrando
hildebranco	hildebrando
hildebrnado	hildebrando
hildefonso	hidelfonso
hildelbrando	hildebrando
hilderbrando	hidelbrando
hiliodoro	heliodoro
hill	gil
hillan	chillán
hillo	hillón
himelda	imelda
himestroza	hinestroza
hincpapie	hincapié
hinigio	higinio
hinojojsa	hinojosa
hipilito	hipólito
hipolito	hipólita
hipoluto	hipólito
hiriberto	heriberto
hirma	irma
hisela	gisela
hisnelda	isnelda
hjugo	hugo
hlguin	holguín
hlidebrando	hildebrando
hmberto	humberto
hnery	henry
hoberto	roberto
hoel	joel
hofman	hoffman
hogo	hugo
hoguin	holguín
hohora	nohora
hohorquez	bohórquez
hojica	mojica
holano	olano
holder	hilder
holgin	holguín
holgui	holguín
holiguin	holguín
holinda	olinda
hollos	hoyos
holmero	homero
holmman	holman
holquin	holguín
homan	holman
homar	omar
homes	gómez
homez	gómez
honojosa	hinojosa
honori	honorio
honson	jonson
horaio	horacio
horamas	hormasa
horancio	horacio
horcio	horacio
horensia	hortensia
horlando	orlando
hormanza	hormaza
hormasa	hormaza
hormindas	hormidas
hormisda	hormidas
hormisdas	hormidas
hormistas	hormidas
hormosa	hermosa
hornasa	hornaza
hortecia	hortencia
hortega	ortega
hortencoa	hortencia
hosa	osa
hostios	ostios
hostoa	hostos
hosttos	hostos
hotelo	otelo
hotman	hofman
hoyoa	hoyos
hozman	hofman
hreminia	herminia
hrmencia	hermencia
hrnandez	hernández
hrnando	hernando
hrrera	herrera
hrrnandez	hernández
hubeymal	hubeymar
hucros	ucrós
hueberlin	huberléin
huepa	huepo
huepoz	huepo
huerdfano	huérfano
huerfanoi	huérfano
huergfano	huérfano
huergo	huerto
huertaz	huertas
huertgas	huertas
huetas	huertas
huguera	higuera
huiguera	higuera
huldarico	uldarico
hulgencio	fulgencio
hulise	ulises
humaña	umaña
humbarila	umbarila
humberti	humberto
humberyo	humberto
humboth	humbolth
humbrerto	humberto
humbrto	humberto
humerto	humberto
humus	humos
hunberto	humberto
hunrriza	unrriza
huratado	hurtado
hurbano	urbano
hurcia	murcia
hurelio	aurelio
huriel	uriel
hurpiano	urpiano
hurtada	hurtado
hurtadfo	hurtado
hurtadon	hurtado
hurtas	huertas
hurtasdo	hurtado
hurtdo	hurtado
hurtgado	hurtado
hurtua	hortúa
hutado	hurtado
huya	juya
huyaban	uyabán
huyos	hoyos
hwber	huber
hymmy	jymmy
iader	ader
iasauro	isauro
iauro	isauro
ibaez	ibáñez
iban	iván
ibanen	ibáñez
ibanez	ibáñez
ibargue	ibarguen
ibata	tibatá
ibbalez	ibáñez
ibeeth	ibeth
ibenez	ibáñez
ibetd	ibeth
ibh	ibeth
ibonne	ivonne
ibsen	ilsen
icnacio	ignacio
ida	aida
idelcy	delcy
idelfina	delfina
idelfoncio	idelfonso
idelfonzo	idelfonso
idelsohn	idelson
idilia	edilia
idilio	edilio
idinael	dinael
idinarco	dinarco
idma	irma
idolio	odilio
idth	edith
iduvina	eduvina
iedro	pedro
iedy	leidy
ifigenia	efigenia
ifuentes	fuentes
igacio	ignacio
iganacio	ignacio
igancio	ignacio
iglesis	iglesia
ignacion	ignacio
ignasio	ignacio
ignnacio	ignacio
iguera	higuera
iilmo	ilmo
iisabel	isabel
iisdro	isidro
ijeda	ojeda
il	gil
iladit	idalit
ildealfonso	ildelfonso
ildelbrando	ildebrando
iliveros	oliveros
ilivos	olivos
illon	hillón
imda	inmaculada
imleda	imelda
incapie	hincapié
indaiscio	indalecio
indalencio	indalecio
indlecia	indalecia
indolecio	indalecio
indrid	ingrid
inees	inés
inelse	inelsa
inestrosa	hinestrosa
infamte	infante
infantes	infante
infate	infante
ingnacio	ignacio
ingracia	engracia
inicencio	inocencio
iniocencia	inocencia
iniria	inírida
inis	luis
inmelda	imelda
iño	niño
inocensio	inocencio
inocentes	inocente
insrael	israel
insuastin	insuati
ipaco	paco
ipolito	hipólito
irael	israel
irenaldo	reinaldo
ireneo	irene
iro	jairo
isaaca	isaac
isaacc	isaac
isabael	isabel
isabe	isabel
isabl	isabel
isais	isaías
isaisas	isaías
isamel	isabel
isandoval	sandoval
isarael	israel
isarel	israel
isarias	isairías
isaulo	saulo
isbael	isabel
isbnel	isabel
iscatequi	uscátegui
isdora	isadora
isias	isaías
isidreo	isidro
isilina	isolina
isilvino	silvino
ismaell	ismael
ismalel	ismael
ismanel	ismael
ismenial	ismenia
ismmer	ismer
ismrnia	ismenia
isnael	ismael
isneda	esneda
isolinna	isolina
isquierdo	izquierdo
isreal	israel
issac	isaac
istmenia	itsmenia
itague	itacué
itali	ítalo
itbeth	ibeth
ituriel	turiel
iva	eva
ivanes	ibáñez
ivanez	ibáñez
ivera	rivera
ividio	ovidio
ivis	iris
izabel	isabel
izairias	isairías
izaquito	izaquitá
izidro	isidro
iznardo	isnardo
izolina	isolina
izquita	izaquitá
izquito	izaquitá
jabenal	juvenal
jabier	javier
jabilton	jamilton
jacanamejoy	jacanamijoy
jacanamijay	jacanamijoy
jacinio	jacinto
jaems	james
jaenette	jeanette
jahannx	johann
jahanny	johanny
jaiem	jaime
jaieo	jairo
jaier	javier
jaihir	jahír
jaill	jail
jaimne	jaime
jainoer	jainer
jaior	jairo
jairi	jairo
jaiver	javier
jamez	james
jamie	jaime
jamillo	jaramillo
jamon	jaamón
jan	juán
jancito	jacinto
janedth	janeth
janeht	janeth
janes	james
jannett	janneth
jaome	jaime
jaoquin	joaquín
jaover	javier
jaquely	jaquelyn
jaramilo	jaramillo
jario	jairo
jase	josé
jasinto	jacinto
jasped	jaspe
jaspes	jaspe
jaspez	jaspe
jauan	juán
jauer	javier
jaun	juán
jauregul	jauregui
jaureli	aureli
jaurequi	jauregui
jaurigui	jauregui
javan	iván
javie	javier
javiel	javier
javir	javier
jay	jairo
jazmid	jazmín
jeanetta	jeanette
jeaquelina	jaquelina
jector	héctor
jehu	jesús
jeime	jaime
jelacio	gelacio
jelecho	helecho
jelias	elías
jelmer	elmer
jelver	elver
jelvis	elvis
jemilda	emilda
jemmy	jimmy
jenaro	genaro
jeneth	janeth
jenethe	janeth
jenixfer	jenifer
jenoveba	genoveva
jeomar	jiomar
jeoncio	leoncio
jeorge	jorge
jereda	jerena
jeremeias	jeremías
jereminas	jeremías
jerman	germán
jernando	fernando
jeronina	jerónima
jervacio	gervacio
jeselin	joselín
jeses	jesús
jeseus	jesús
jespitia	espitia
jessus	jesús
jesu	jesús
jesuscriste	jesucristo
jesusu	jesús
jeus	jesús
jeuscristo	jesucristo
jevier	javier
jfonseca	fonseca
jharol	harol
jhns	jhon
jhnson	johnson
jhome	home
jhona	jhoana
jiame	jaime
jianeth	janeth
jiaquin	joaquín
jiemenez	jiménez
jiemenz	jiménez
jienmenez	jiménez
jilio	julio
jimanez	jiménez
jime	jaime
jimeez	jiménez
jimemez	jiménez
jimemnez	jiménez
jimene	jiménez
jimeneez	jiménez
jimenes	jiménez
jimennez	jiménez
jimez	jiménez
jimnenez	jiménez
jingry	ingry
jiomenez	jiménez
jiose	josé
jirata	girata
jjose	josé
jjulio	julio
jkairo	jairo
jlio	julio
joa	joaquín
joae	josé
joaguin	joaquín
joame	jaime
joaqu	joaquín
joaqui	joaquín
joaquinn	joaquín
joaqun	joaquín
jode	josé
jodse	josé
joege	jorge
joegr	jorge
joerge	jorge
johaana	johana
joimenez	jiménez
jojana	johana
jolguin	holguín
joliana	juliana
jolima	yolima
jonaha	johana
jonge	jorge
jope	josé
jopse	josé
joquin	joaquín
jore	jorge
jorege	jorge
jorenzo	lorenzo
jorg	jorge
jorga	jorge
jorgee	jorge
jorgen	jorge
jorgfe	jorge
jorgge	jorge
jorgr	jorge
jorque	jorge
jos	josé
josa	josé
josee	josé
joseue	joseu
joso	josé
josr	josé
josre	josé
jote	josé
jouse	josué
jse	josé
jselyn	joselyn
jseus	jesús
jua	juán
juatiniano	justiniano
jubencio	juvencio
jubvenal	juvenal
juddith	judith
judhit	judith
judth	judith
juen	juán
juertas	huertas
jues	juez
juileth	julieth
juio	julio
juis	luis
juklio	julio
jula	julia
juliio	julio
julioi	julio
juliuo	julio
julo	julio
juluio	julio
jumberto	humberto
jumenez	jiménez
jun	juán
juna	juán
juncon	junco
jurada	jurado
juramillo	jaramillo
jurao	jurado
juse	josé
jusn	juán
justp	justo
jusus	jesús
kata	kattah
katta	kattah
kimenez	jiménez
kline	klein
koaiza	loaiza
kusquen	kusguen
laberde	laverde
laberto	alberto
lacira	alcira
ladazabal	landazábal
ladfino	ladino
ladislado	ladislao
lael	leal
lafonso	alfonso
lagia	ligia
lagilavo	laguilavo
lalarcon	alarcón
lamprera	lamprea
lamprez	lamprea
lancherosa	lancheros
landaete	landaeta
landarta	landaeta
landero	landeros
landeta	landaeta
landine	landinez
lano	llano
lanos	llanos
laoiza	loaiza
laonidas	leonídas
larcon	alarcón
lardoso	cardozo
larorra	larrota
larota	larrota
larotha	larrota
larrotya	larrota
larrrota	larrota
larrson	larsson
larrtota	larrota
larte	olarte
lartha	martha
lassio	lasso
latoore	latorre
latrigia	latriglia
latriglea	latriglia
laurenano	laureano
laurenao	laureano
laureno	laureano
laurntino	laurentino
lavacucde	lavacude
lavacucho	lavachuco
lavacudes	lavacude
lavarde	laverde
lavarez	álvarez
lavaro	álvaro
lavverde	laverde
laytom	layton
leaider	leider
lean	león
leanardo	leonardo
leb	lebi
ledezma	ledesma
lefrain	efraín
legisamon	leguizamón
legizamo	leguízamo
legizamon	leguizamón
leguisamon	leguizamón
leguizamano	leguizamón
leguizamom	leguizamón
leguizanom	leguizamón
leguizmon	leguizamón
leguzamon	leguizamón
leionardo	leonardo
leiseo	eliseo
leivigildo	leovigildo
lelosa	velosa
lelson	nelson
lemir	emir
lemjs	lemis
lemmus	lemus
lemues	lemus
lenus	lenis
leocaldio	leocadio
leofilde	leotilde
leogigilda	leovigilda
leomidas	leonídas
leomso	leonso
leonen	leonel
leonias	leonídas
leonidad	leonídas
leonodas	leonídas
leonos	leonor
leonz	león
leoplodo	leopoldo
leovigido	leovigildo
leovigilio	leovigildo
leoviglda	leovigilda
leovigldo	leovigildo
leovilgilda	leovigilda
leovilgildo	leovigildo
lepoldo	leopoldo
lequecidec	melquisedec
lequizamo	leguízamo
lequizamon	leguizamón
lequizanib	leguizamón
lequizazmon	leguizamón
leseth	liseth
lesster	lester
letredo	letrado
leusmila	luzmila
leuvigildo	leovigildo
leverde	laverde
levigildo	leovigildo
leyde	leyda
leyvae	leyva
leyvan	leyva
lez	luz
lezcano	lizcano
lezeth	lizeth
lforalba	floralba
liano	llano
lianres	linares
lias	elías
libado	libardo
libardp	libardo
libbadier	libadier
liberado	liberato
lice	ilce
liciano	luciano
licidio	lucidio
licila	lucila
lid	lida
lidionel	lionel
liebano	liévano
lifardo	libardo
liguizamon	leguizamón
lijia	ligia
lilibelt	lilibet
lilliana	liliana
lilzarazo	lizarazo
limbana	lombana
limenez	jiménez
linbania	limbania
lineis	inés
lio	luis
liodoro	eliodoro
liopoldo	leopoldo
lipia	libia
liral	lira
lirazo	lizarazo
lisaura	isaura
lismes	lesmes
liuna	luna
lius	luis
livan	iván
livano	liévano
livardo	libardo
livarez	olivarez
livida	livia
lix	liz
lizadro	lizandro
lizaraso	lizarazo
lizarazao	lizarazo
lizarozo	lizarazo
lizimaco	licímaco
lizrazo	lizarazo
ljuis	luis
lluis	luis
lnibardo	libardo
lñizandro	lizandro
loaisa	loaiza
loaita	loaiza
loasa	loaiza
lobanton	lobatón
lodoño	londoño
loen	león
loenilde	leonilde
loepez	lópez
loepoldo	leopoldo
loepz	lópez
loez	lópez
loga	olga
loiaza	loaiza
lois	luis
loiton	leiton
loiza	loaiza
lolo	lola
lombada	lombana
lombano	lombana
lomdono	londoño
lomoana	lombana
londoña	londoño
londoqo	londoño
loo	los
loopez	lópez
lopaez	lópez
lopaz	lópez
lopea	lópez
lopeas	lópez
lopes	lópez
lopesz	lópez
lopexz	lópez
lopeza	lópez
loppez	lópez
lopra	lopera
loprenzo	lorenzo
loprez	lópez
loprx	lópez
loprz	lópez
loptz	lópez
lopz	lópez
lorezo	lorenzo
lorotta	larrota
lorrota	larrota
losano	lozano
lose	josé
lousa	luisa
lovigilda	leovigilda
lovvis	lovis
lozad	lozada
lozamo	lozano
lozana	lozano
lozasa	lozada
lpeña	peña
lpez	pez
lpoez	lópez
lppes	lópez
lsvado	alvado
ltriglia	triglia
lua	luz
lubaton	lobatón
lubdin	lubín
lubidia	ludibia
lubn	lubín
luby	ruby
lucrcia	lucrecia
lucresiop	lucresio
lucua	lucía
lucula	lucila
ludbin	lubín
luddina	ludina
ludim	ludín
ludoviva	ludovina
ludrecia	lucrecia
luduvina	ludovina
luegan	luengas
luegas	luengas
luga	lugan
lui	luis
luia	luis
luibardo	libardo
luica	lucía
luicia	lucía
luicidio	lucidio
luicina	lucina
luie	luis
luilia	lilia
luilly	lilly
luisd	luis
luisi	luis
luiz	luis
luizs	luz
luldary	luzdary
lulia	julia
lulio	tulio
lumbana	lombana
lumgmey	lumey
lunas	luna
luñez	núñez
luns	luna
luqque	luque
lurdes	lourdes
lureano	laureano
lus	luis
lusi	luis
luuis	luis
luva	uva
luyis	luis
luzday	luzdary
lvarez	álvarez
lydda	lyda
lydis	ledys
lyuis	luis
lyyan	lylyan
lz	luz
ma	maría
maaria	maría
maarina	marina
maartin	martín
maatinez	martínez
macdalena	magdalena
macelino	marcelino
maceta	macera
machadp	machado
macheggo	manchego
machego	manchego
machucha	machuca
macios	macías
maco	marco
macoalo	macualo
macos	marcos
maculo	macualo
madadeleine	madeleine
madgalena	magdalena
madina	medina
madldonado	maldonado
madoqueo	mardoqueo
mady	mary
maecela	marcela
maeco	marco
maedina	medina
maendez	méndez
maertinez	martínez
maetha	martha
magada	magda
magadalena	magdalena
magadelana	magdalena
magale	magali
magdaly	magaly
magoa	magola
maia	maría
mairyam	miryam
majia	maría
majica	mojica
malaber	malaver
malagan	malagón
malano	molano
maldanado	maldonado
maldonad	maldonado
maldonadonado	maldonado
maldonando	maldonado
maleny	marleny
malgon	malagón
malvaer	malaver
malver	malaver
mamosalva	manosalva
mamria	maría
mamrisol	marisol
manauel	manuel
mancheco	manchego
manchevo	manchego
mancy	nancy
mandieta	mendieta
mandivelso	mendivelso
mandoza	mendoza
manel	manuel
maneul	manuel
manisalvo	manosalva
mannuel	manuel
manosalova	manosalva
manosalve	manosalva
manossalba	manosalva
mañoz	muñoz
mañria	maría
manriqueta	manríquez
manroy	monroy
manrrique	manrique
manrrrique	manrique
mantana	montana
mantaña	montaña
mantonio	antonio
manue	manuel
manueal	manuel
manuek	manuel
manuiel	manuel
manul	manuel
manzaneras	manzanares
manzera	mancera
manzipe	mancipe
manzuera	mazuera
mapoleon	napoleón
maqrtha	martha
maquez	márquez
mara	maría
marai	maría
maraia	maría
maraoia	maría
marca	marco
marcedes	mercedes
marcelas	marcela
marcilino	marcelino
marcipe	mancipe
marcon	marco
mardfoqueo	mardoqueo
mardiqueo	mardoqueo
mardogueo	mardoqueo
mareno	moreno
marfo	marco
marftinez	martínez
margaita	margarita
margarira	margarita
margaritaq	margarita
margartia	margarita
margffoy	margfoy
margofoy	margfoy
marha	martha
marhta	martha
mariaenli	marianeli
mariai	maría
marial	maría
mariama	mariana
mariana	mariano
maricla	maricela
mariebl	maribel
mariluiz	mariluz
marima	marina
mariños	mariño
mario	maría
marioo	mario
marique	manrique
maritinez	martínez
maritnez	martínez
mariua	maría
marizela	marisela
marizol	marisol
markffoy	margfoy
marlisd	marlis
maroia	maría
marosalva	manosalva
marqez	márquez
marqiuez	márquez
marque	márquez
marquea	márquez
marrleny	marleny
martah	martha
martaha	martha
martco	marco
martga	martha
martgin	martín
marth	martha
martibnez	martínez
martienz	martínez
martiknez	martínez
martinaz	martínez
martinea	martínez
martineesa	martínez
martinenez	martínez
martinexz	martínez
martiñez	martínez
martineza	martínez
martinezs	martínez
martiniez	martínez
martinnez	martínez
martintez	martínez
martisa	maritza
martiza	maritza
martrines	martínez
martunez	martínez
martza	maritza
maruez	márquez
maruia	maría
maruricio	mauricio
maryrruz	marycruz
masael	misael
matafira	matajira
matallna	matallana
matamores	matamoros
matamorro	matamoro
mateis	mateos
matha	martha
matide	matilde
matina	marina
matinez	martínez
matla	malta
matlde	matilde
matorga	mayorga
matrha	martha
matria	maría
matrinez	martínez
mattinez	martínez
matues	mateus
matulde	matilde
maubricio	mauricio
mauel	manuel
mauicio	mauricio
maunel	manuel
maurcio	mauricio
maurici	mauricio
maurico	mauricio
mauta	maura
mauticio	mauricio
mauyorga	mayorga
maximilaino	maximiliano
maximiliama	maximiliana
maximinio	maximino
mayola	magola
maz	maza
mbernal	bernal
mdina	medina
measa	mesa
mecedes	mercedes
medez	méndez
median	medina
mediana	medina
medida	medina
medidna	medina
medieta	mendieta
mediina	medina
medillin	medellín
medin	medina
medinas	medina
medivelso	mendivelso
mednoza	mendoza
medoza	mendoza
meerchan	merchán
meguel	miguel
mehecha	mahecha
meidna	medina
mejis	mejía
mejoa	mejía
melecion	melecio
meleidi	mileidi
melguiades	melquíades
meljarejo	melgarejo
melquecided	melquecidec
melqueicedec	melquecidec
melquesedec	melquisedec
melquesided	melquisedec
melquicede	melquisedec
melquiceded	melquisedec
melquicedes	melquicedec
melquicidet	melquisedec
melqusidec	melquisedec
melson	nelson
memdez	méndez
memdoza	mendoza
memndoza	mendoza
menbdez	méndez
mende	méndez
mendiata	mendieta
mendicivelso	mendivelso
mendienta	mendieta
mendietac	mendieta
mendilveso	mendivelso
mendivelzo	mendivelso
mendosa	mendoza
mendoz	mendoza
mendozza	mendoza
mendvelso	mendivelso
mendza	mendoza
menece	meneses
menecio	nemesio
menidvelso	mendivelso
menjuere	menjure
menjuro	menjure
menndivelso	mendivelso
menodza	mendoza
menoza	mendoza
menuel	manuel
mepomuceno	nepomuceno
mequicedec	melquicedec
mercades	mercedes
mercan	merchán
mercede	mercedes
mercedez	mercedes
mercees	mercedes
merceses	mercedes
mercgan	merchán
mercham	merchán
merco	marco
mercos	marcos
merecdes	mercedes
merecedes	mercedes
meredes	mercedes
mereno	moreno
mereo	nereo
meria	maría
merleni	marleni
merminia	herminia
mermudez	bermúdez
merndez	hernández
mertinez	martínez
meryzalde	merizalde
mesas	mesa
meschan	merchán
mesjura	menjura
mesquera	mosquera
mestre	maestre
metheus	matheus
meuricio	mauricio
mibuel	miguel
micadelina	micaelina
micailina	micaelina
midelbrando	hidelbrando
mideya	mireya
midia	nidia
mifuel	miguel
migel	miguel
migeul	miguel
migfuel	miguel
migiuel	miguel
mignolia	magnolia
miguelñ	miguel
miguiel	miguel
migul	miguel
migule	miguel
miiriam	miriam
mijia	mejía
mila	milla
milcades	milcíades
milciadej	milcíades
milciadez	milcíades
milcidades	milcíades
milcides	milcíades
militon	milton
millian	millán
mimriam	miriam
minevar	munévar
minla	mila
mioguel	miguel
miolina	molina
mioses	moisés
miramda	miranda
miranada	miranda
mirando	miranda
mireye	mireya
miriamn	mirian
miryma	miryam
misaerl	misael
misazel	misael
misgel	miguel
mitamayo	tamayo
mityam	miryam
miyiam	miryam
miyryam	miryam
mjendoza	mendoza
mjimenez	jiménez
mkarin	marín
mkartinez	martínez
mmahecha	mahecha
mmaria	maría
mmarleny	marleny
mmartha	martha
mmartinez	martínez
mmuñoz	muñoz
mmyrian	myrian
mnarique	manrique
mnauel	manuel
mnedivelso	medivelso
mnislav	minislav
mnonica	mónica
mntañez	montañéz
moalno	molano
moarales	morales
mocada	moncada
moemi	nohemí
moerales	morales
mogollin	mogollón
mohemi	nohemí
moices	moisés
moirales	morales
moiseis	moisés
mojoca	mojica
molamo	molano
molana	molano
molila	molina
molin	molina
molinna	molina
molna	molina
molono	molina
molrales	morales
moltalvo	montalvo
momtañez	montañéz
mona	mora
monacada	moncada
monaña	montaña
monañez	montañéz
moncipe	mancipe
moncosua	monsocua
mondoza	mendoza
monera	múnera
monero	moreno
monevar	munévar
monia	mónica
monjarrez	manjarréz
monoca	mónica
monosalva	manosalva
monotana	montaña
monotya	montoya
moñoz	muñoz
monrpy	monroy
monrroy	monroy
monsalbe	monsalve
monsalvo	monsalve
monsave	monsalve
monsogua	monsocua
montala	montaña
montanez	montañéz
montañoo	montaño
montaoya	montoya
montaqez	montañéz
montealegra	montealegre
montealegro	montealegre
monteiel	montiel
montenefro	montenegro
montenegre	montenegro
montenero	montenegro
montenez	montañéz
montengro	montenegro
monteno	montero
montez	montes
montien	montiel
montña	montaña
montnegro	montenegro
montñez	montañéz
montoña	montoya
montota	montoya
montoyua	montoya
montoyya	montoya
monzalve	monsalve
monzaque	monzoque
monzocua	monsocua
mopntañes	montañéz
mopreno	moreno
morakes	morales
moralers	morales
morana	morano
morants	morantes
moreda	morera
moreeno	moreno
morejo	moreno
moremo	moreno
morenio	moreno
morenop	moreno
morenp	moreno
morentes	marentes
morerno	moreno
morles	morales
morneo	moreno
morno	moreno
moroy	monroy
morqales	morales
morreno	moreno
morrillo	morillo
mosael	misael
mosalve	monsalve
moseis	moisés
moso	mosso
mosos	mosso
mosquerea	mosquera
mosquero	mosquera
mosqura	mosquera
mossos	mosso
mosuera	mazuera
motaña	montaña
motañez	montañéz
motano	moyano
motenegro	montenegro
motrovtch	motrovich
mottas	motta
mouriel	muriel
moyana	moyano
moza	mozo
mozquera	mosquera
mozzo	mozo
mpreno	moreno
mraia	maría
mramos	ramos
mrchan	merchán
mreno	moreno
mria	maría
mriam	miriam
mrina	marina
mrndoza	mendoza
mroeno	moreno
mrry	mary
mrtha	martha
mrtinez	martínez
mry	mary
mryam	miryam
mryen	maryen
msrisol	marisol
mucia	murcia
muentes	fuentes
mueriel	muriel
muguel	miguel
mulñoz	muñoz
mumesque	numesque
muncia	munca
munebar	munévar
muñetonez	muñetón
muneva	munévar
munevara	munévar
munevvar	munévar
munisalvo	manisalvo
muniz	muñíz
munñoz	muñoz
munñz	muñoz
munoa	muñoz
muñoaz	muñoz
muñon	muñoz
munrvar	munévar
munuel	manuel
muñuz	muñoz
murci	murcia
murcias	murcia
murcio	murcia
muria	maría
murica	murcia
muriilo	murillo
murilli	murillo
mutiz	mutis
muuunoz	muñoz
muyanajinsoy	mujanajinsoy
mxlinder	maxlinder
myruan	myrian
na	ana
naci	nancy
naciaceno	nacianceno
nacianeno	nacianceno
nacy	nancy
nadja	nadia
nahora	nohora
nairp	naír
najas	najar
nalsy	nelsy
nansy	nancy
nany	nancy
narahona	barahona
narajo	naranjo
naramjo	naranjo
naranajo	naranjo
naranio	naranjo
naranj	naranjo
naranja	naranjo
narbey	norbey
narces	garcés
narcisa	narciso
narco	marco
nariela	mariela
narina	marina
narino	marino
narisol	marisol
narnajo	naranjo
nartinez	martínez
narvades	narváez
natilde	matilde
natividd	natividad
natonio	antonio
natvidad	natividad
navarre	navarra
navarreta	navarrete
navarrro	navarro
navarrte	navarrete
navasa	navas
nayube	nayibe
nazola	anzola
ncampo	campo
ncepeda	cepeda
ndolores	dolores
neachan	merchán
nehemi	nohemí
neina	nina
neitar	neita
nelcis	nelci
nelluy	nelly
nelsson	nelson
nelssy	nelsy
nelzon	nelson
nemecis	némesis
nemegen	nemeguen
nemocom	nemocón
ñemus	lemus
nendoza	mendoza
neñez	núñez
neño	niño
nenry	nery
ñeon	león
nepoceno	nepomuceno
nepomiceno	nepomuceno
nepomunceno	nepomuceno
neponuceno	nepomuceno
nepumuceno	nepomuceno
nernandez	hernández
nernando	hernando
nes	inés
neslson	nelson
nestro	néstor
neuto	neuta
nevilla	neville
neylb	neyib
nfuentes	cifuentes
ngabrielino	gabrielino
ngela	ángela
nibardo	libardo
nibia	nubia
nibolita	hipólita
nicaolas	nicolás
nicefaro	niceforo
nichery	vinchery
nicidemus	nicodemus
nicimedes	nicomedes
nickk	nick
nicoals	nicolás
nicodermus	nicodemus
nicomede	nicomedes
nicomeres	nicomedes
nicudemos	nicodemus
nicudemus	nicodemus
nicudernos	nicodemos
nidiya	nidya
niebes	nieves
niedrano	medrano
niempira	niampira
niera	neira
nieta	nieto
nifa	ninfa
ñigia	ligia
niguel	miguel
niguez	miguez
nilena	milena
nilton	milton
niñi	niño
niñlo	niño
ninño	niño
niñño	niño
ñino	niño
ñiño	niño
nio	niño
niquema	niquepa
nisael	misael
nitla	nitola
nitolas	nitola
nives	nieves
niyireht	niyereth
nmanuel	manuel
nmaria	maría
nneiger	neiger
nno	niño
noboha	noboa
nocave	conave
nocencio	inocencio
nocoa	novoa
nocobes	nocobe
noeni	noemi
noghuera	noguera
nohemmi	nohemí
nohemmy	nohemy
noiquepa	niquepa
nojica	mojica
noliva	oliva
nolma	norma
nolverto	nolberto
nomezqui	nomezque
nonilla	bonilla
noño	niño
nonroy	monroy
nonsaque	nonzoque
nontian	nontien
nontiel	nontien
nonzaque	monzaque
noracio	horacio
noratto	norato
norbay	norbey
norbeto	norberto
norbrtp	norberto
norcote	morcote
noreday	noreyda
norega	noriega
norel	norela
noreno	moreno
noriego	noriega
novan	novas
novao	nova
novas	nova
novo	novoa
noya	moya
nranjo	naranjo
nrlsy	nelsy
nubias	nubia
nubvia	nubia
nuchamocha	uchamocha
ñucia	lucía
nudya	nidya
nuhemias	nehemías
nuhpaque	numpaque
ñuis	luis
null	nell
nully	nelly
numael	manuel
numesqui	numesque
numpaquen	numpaque
numpeque	numpaque
nunez	núñez
nunpaque	numpaque
nunzaba	nunsaba
nurillo	murillo
nuste	nutez
nustes	nustez
nutez	nustez
nuvis	nuvia
ñuz	luz
nybya	nubya
nyidia	nydia
oaez	páez
oalacios	palacios
oamaira	omaira
oaopeza	oropeza
obado	obando
oballe	ovalle
oban	iván
obanso	obando
obdulo	obdulio
obejero	ovejero
obel	abel
obiedo	oviedo
obregozo	obregoso
ocaciones	ocación
ocaren	caren
ocha	ochoa
ochao	ochoa
ocho	ochoa
ochoia	ochoa
ocladys	gladys
ocsmpo	campo
octavo	otavo
octima	octimia
octoavio	octavio
octtaviano	octaviano
odcar	oscar
odila	odilia
odilma	edilma
odriguez	rodríguez
odsolina	isolina
odulia	odilia
oedro	pedro
oefelia	ofelia
oel	joel
oelando	orlando
oereira	pereira
oerez	pérez
oesca	pesca
ofela	ofelia
offir	ofir
ofidio	ovidio
ofil	ofir
ofilio	ovidio
ofonso	alfonso
ohel	joel
ohover	hover
ohundelina	undelina
oicara	oicata
oilia	lilia
oimos	olmos
ointo	pinto
oirachican	pirachicán
oiza	loaiza
ojedas	ojeda
ojuela	orjuela
ola	olga
oladia	claudia
olag	olga
olanchica	lanchica
olando	orlando
olartte	olarte
olayton	layton
olazas	plazas
olba	olga
olegar	olegario
olegoria	legaria
olejario	olegario
oleocadia	leocadia
oleocadio	leocadio
olfilia	orfilia
olgal	olga
olgladys	gladys
oliberio	oliverio
olimaco	clímaco
olipio	alipio
olis	lis
olivan	oliva
olivanel	livaniel
olivardo	libardo
olivaros	olivares
oliverios	oliveros
oliverosd	oliveros
olivorio	oliverio
olmado	olmedo
olmoso	olmos
olonso	alonso
olores	dolores
olova	oliva
oloverio	oliverio
olpidia	elpidia
olpidio	elpidio
olrlando	orlando
olvar	olver
olverio	alveiro
omaida	omaira
omaña	umaña
omaria	omaira
omarira	omaira
omarl	omar
omayra	omayra
omelia	amelia
omingod	domingo
onate	oñate
onesino	onésimo
onorato	honorato
onoto	onorio
onpfre	onofre
ontreras	contreras
onzaga	gonzaga
opez	lópez
opolonio	apolonio
orajarena	orejarena
oralando	orlando
orantes	morantes
orcar	oscar
orcinda	ercinda
ordenel	ordener
ordez	ordúz
ordoña	ordoñez
ordonez	ordoñez
ordono	ordoñez
ordoño	ordoñez
ordonoez	ordoñez
ordopes	ordoñez
ordoquez	ordoñez
ordriguez	rodríguez
orduna	orduña
ordus	ordúz
oregario	olegario
oreina	reina
orejas	oreja
orentive	orentire
oresteres	orestes
orfelinda	orfelina
orfelmilda	orfelminda
oriel	uriel
oriosto	ariosto
orizco	orozco
orjuella	orjuela
orjuelo	orjuela
orlado	orlando
orlalando	orlando
orlas	orla
orley	arley
orlonado	orlando
ormasa	ormaza
ormazo	ormaza
ormindas	ormidas
ornaza	ormaza
orocia	oracia
oromancio	oromacio
oronado	coronado
oropez	oropeza
oroposo	oropesa
orosea	orozco
oroz	oros
orozvo	orozco
orpeza	oropeza
orquijo	urquijo
orredor	corredor
orrlando	orlando
ortagate	ortegate
orteaga	arteaga
ortefon	ortegón
ortegas	ortega
ortix	ortíz
ortizx	ortíz
ortozco	orozco
orttiz	ortíz
ortua	hortúa
ortyz	ortíz
ortz	ortíz
orytiz	ortíz
osacar	oscar
osacr	oscar
oscaar	oscar
oscategui	uscátegui
oscr	oscar
ose	josé
osealdo	oswaldo
osecha	cosecha
oses	oseas
osgame	usgame
osidro	isidro
osmani	osman
osopeza	oropeza
ososrio	osorio
ospins	ospina
ospitia	espitia
osses	ossa
osso	ossa
oster	ester
ostilia	otilia
ostor	ostos
ostoz	ostos
osttos	ostos
osvar	oscar
osvlado	osvaldo
oswald	oswaldo
oswlado	oswaldo
oswldo	oswaldo
otalara	otálora
otalbaro	otálvaro
otalota	otálora
otiia	otilia
otiz	ortíz
otlia	otilia
otlora	otálora
otolicia	otocilia
otolora	otálora
otriz	ortíz
ouola	oyola
ovan	iván
ovando	obando
ovedo	oviedo
ovejeros	ovejero
ovejrero	ovejero
ovies	oviedo
ovilo	olivo
owaldo	oswaldo
oxibaldo	osbaldo
ozias	ocías
paarada	parada
paatino	patiño
pabguence	pabhuense
pable	pablo
pablinia	pablina
pabloa	pablo
pablon	pabón
pabo	pablo
pabres	padres
pabvlo	pablo
pacaboque	pacabaque
pacalagua	patalagua
pacaloguo	patalagua
pacanahique	pacanchique
pacanchipe	pacanchique
pacatoque	pacateque
pacatuque	pacateque
pacavaque	pacabaque
pacavi	pacavita
pacheca	pacheco
pacion	pasion
paconio	pacomio
pacual	pascual
pacvhon	pachón
padara	parada
padill	padilla
padraza	pedraza
padro	pedro
paecho	pacho
paemenio	pamenio
paeres	pérez
paerez	pérez
paia	paiba
paipalla	paipilla
paipillac	paipilla
paipillla	paipilla
paiplla	paipilla
palacioc	palacios
palacion	palacios
palaencia	palencia
palcios	palacios
palimino	palomino
palleres	pallares
paloimino	palomino
palom	paloma
palomeras	palomares
palomina	palomino
palomini	palomino
palominio	palomino
pam	pan
pamblo	pablo
pamqueba	panqueba
paña	peña
panagos	penagos
pañalosa	peñalosa
pandilla	padilla
panguta	ponguta
paniaga	paniagua
panqueaba	panqueba
panquva	panqueva
pantuja	pantoja
paol	paola
papipa	paipa
parades	paredes
paralta	peralta
parara	parada
pararroyo	patarroyo
paredess	paredes
paredez	paredes
parees	paredes
parejas	pareja
paricia	patricia
paricio	aparicio
parilla	perilla
parmeneio	parmenio
parrada	parada
parrade	parrado
parras	parra
parrea	parra
parro	parra
parrra	parra
parrsa	parra
particia	patricia
parz	parra
pas	paz
pasacho	pasachoa
pasachoba	pasachoa
pasachoca	pasachoa
pasachova	pasachoa
pasatoa	pasachoa
pascula	pascuala
pasochoa	pasachoa
pataroyo	patarroyo
patarrayo	patarroyo
patarro	patarroyo
patarrollo	patarroyo
patarrouyo	patarroyo
patarrpyo	patarroyo
patarruyo	patarroyo
paterlina	paternina
patermina	paternina
paticia	patricia
patina	patino
patini	patino
patño	patiño
pator	pastor
patorroyo	patarroyo
patrcia	patricia
patrica	patricia
patrici	patricia
patricia	patricio
patricias	patricia
patricica	patricia
patricinia	patrocinia
patricinio	patrocinio
patricio	patricio
patricua	patricia
patriño	patiño
patrocina	patrocinia
patrocino	patrocinio
paulia	paula
paulimo	paulino
paulo	paulo
pavheco	pacheco
pavon	pabón
pavor	pabón
pawz	paz
pblo	pablo
pdero	pedro
pea	páez
peaz	páez
peblo	pablo
pechenique	echenique
pechon	pachón
pedfo	pedro
pedfro	pedro
pedo	pedro
pedor	pedro
pedoroza	pedroza
pedrao	pedraos
pedraor	pedraos
pedroa	pedroza
pedrop	pedro
pedros	pedro
pedroz	pedroza
pedrp	pedro
pedrza	pedroza
peerez	pérez
pefdro	pedro
pelaes	peláez
pena	peña
peñagos	penagos
peñañoza	peñaloza
penea	perea
peñeros	piñeros
peño	peña
penon	peñón
penqueba	panqueba
pentes	puentes
penzon	pinzón
peralata	peralta
peranquive	piraquive
peraz	pérez
perdo	pedro
perdoma	perdomo
pere	pérez
perefan	perafán
perefrino	peregrino
pereiro	pereira
perella	perilla
peres	pérez
pericon	perico
periila	perilla
periilla	perilla
perill	perilla
permenio	parmenio
pero	pedro
perrez	pérez
perrilla	perilla
pertez	pérez
perto	puerto
perz	pérez
pescva	pesca
pesdraza	pedraza
pesraza	pedraza
pesro	pedro
petricia	patricia
petroza	pedroza
peurto	puerto
peveda	poveda
piamente	piamonte
piamento	piamonte
piazas	plazas
piazaz	plazas
picanchique	pacanchique
pidache	pidiache
pidiahi	pidiachi
pidrachi	pidiachi
piedraita	piedrahíta
piedraza	pedraza
pieros	piñeros
pierto	prieto
pieto	prieto
pihedradita	piedrahíta
pilido	pulido
pimedo	pinedo
pinada	pineda
pinda	pineda
pinea	pineda
pineada	pineda
pinedas	pineda
pinedea	pineda
piñedez	piñedes
pinena	pineda
pinero	piñero
pineros	piñeros
pinill	pinilla
pinillas	pinilla
pinillla	pinilla
pinillna	pinilla
pinson	pinzón
pinuela	piñuela
pinzaon	pinzón
pinzn	pinzón
pinzo	pinzón
pinzonm	pinzón
pinzzon	pinzón
pippe	pipe
pirabaque	pirabague
pirabaquen	pirabaque
pirachica	pirachicán
piraconia	piracon
pirafan	piraján
piraganta	piragauta
piragata	piragauta
piraguta	piragauta
piramanrrique	piramanrique
piranguata	piraguata
piraquieve	piraquive
piraquire	piraquive
piraraque	piravaque
pirataque	pirateque
piratobo	piratoba
piratovo	piratova
piravaguen	piravague
piraza	pirazán
piregauta	piragauta
pireto	prieto
pirioche	piriache
piroteque	pirateque
pitajan	piraján
pitio	pito
pizan	piza
pizon	pinzón
pjeda	ojeda
plablo	pablo
plabo	pablo
plauxcila	plauxila
plazasd	plazas
plazaz	plazas
plimio	plinio
plmos	olmos
pmpilio	pompilio
pnancy	nancy
pnguta	ponguta
pnzon	pinzón
pobeda	poveda
pobon	tobón
pocacira	pacacira
pofidio	porfidio
poguta	ponguta
poisidia	posidia
pola	polo
polido	pulido
poliodoro	polidoro
poludo	pulido
pompilo	pompilio
ponares	ponare
ponfilo	panfilo
poprras	porras
pordomo	perdomo
porraz	porras
portella	portela
portuquez	portuguéz
posidea	posidia
possso	posso
possu	posso
potilla	portilla
povedae	poveda
povedda	poveda
povesa	poveda
ppreciado	preciado
prafael	rafael
prasedix	praxedes
praxedi	praxedis
praxedia	praxedis
prciado	preciado
precentacion	presentación
precida	preciado
predraza	pedraza
pregonera	pregonero
prersentacion	presentación
prescistato	precistato
presiado	preciado
prexedis	praxedis
prez	pérez
pricila	priscila
priero	piero
prieta	prieto
primotivo	primitivo
primtivo	primitivo
priscilia	priscila
priseida	briseida
prña	peña
proespero	próspero
profetisa	profetiza
profidia	porfidia
profilio	porfidio
propero	próspero
prtiz	ortíz
psachoa	pasachoa
ptricia	patricia
puents	puentes
puereto	puerto
puereza	pureza
puertop	puerto
puinzon	pinzón
pulid	pulido
pulida	pulido
pulide	pulido
pulidso	pulido
pulio	pulido
puliso	pulido
pulñido	pulido
pumo	puno
purfirio	porfirio
pveda	poveda
pvnto	pinto
qarguello	argüello
qintana	quintana
qrquimedes	arquímedes
quebedo	quevedo
quecha	guecha
queguan	quenguan
quejada	quezada
quesda	quezada
quicazaque	quicasaque
quicosaque	quicasaque
quientero	quintero
quieroga	quiroga
quijntero	quintero
quimbayos	quimbayo
quimena	gimena
quinana	quintana
quinayas	quinaya
quinballo	quimbayo
quincasaque	quicasaque
quinceno	quiceno
quineos	guineos
quinoes	quiñones
quiñoes	quiñones
quinoles	quiñones
quiñone	quiñones
quiñoñes	quiñones
quiñoñez	quiñones
quinoz	quiróz
quinseno	quiceno
quintanma	quintana
quintaria	quintana
quinteto	quintero
quintetro	quintero
quintiana	quintana
quintna	quintana
quintro	quintero
quintrro	quintero
quiomar	guiomar
quiorz	quróz
quiroja	quiroga
quiros	quiróz
quirox	quiróz
quirubin	querubín
quiseno	quiceno
quispe	quispi
quitana	quintana
quiteno	quiceno
quitero	quintero
quitia	quitián
quitiam	quitián
quivano	quijano
quizena	quiceno
quizua	quiazua
qunta	quinta
quntero	quintero
qutian	quitián
quuiroga	quiroga
quuiroz	quiróz
raafael	rafael
raativa	rátiva
rabia	raba
racelino	arcelino
racha	rocha
racheco	pacheco
radael	rafael
rafae	rafael
rafaea	rafaela
rafael	rafaela
rafaellno	rafaelino
rafal	rafael
rafale	rafael
rafel	rafael
rafic	rafico
rafpael	rafael
raga	ragua
ragael	rafael
raimu	raimundo
rairez	ramírez
ramairez	ramírez
ramayo	tamayo
rami	ramírez
ramierz	ramírez
ramireez	ramírez
ramires	ramírez
ramireza	ramírez
ramirirez	ramírez
ramirrez	ramírez
ramirz	ramírez
rammirez	ramírez
ramoirez	ramírez
ramom	ramón
ramopn	ramón
ramoz	ramos
rangil	rangel
ranirez	ramírez
raniro	ramiro
ranmirez	ramírez
ranulfo	arnulfo
raosa	rosa
rapira	reapira
raque	roque
rarael	rafael
rasa	rosa
rasalba	rosalba
rasana	rosana
rasaura	rosaura
rattiva	rátiva
raule	raúl
raurencio	laurencio
rauul	raúl
ravalo	ravelo
rave	ravelo
ravela	ravelo
raveo	ravelo
raymindo	raymundo
rayoozo	rayo
rberto	roberto
rco	rico
reaño	riaño
reat	real
reberto	roberto
rebollero	rebolledo
rebolleso	rebolledo
recaute	ricaurte
reclde	recalde
redesminda	fredesminda
redon	rendón
redriguez	rodríguez
refael	rafael
refiniano	rufiniano
refujio	refugio
regolio	rogelio
regua	ragua
reimiro	ramiro
reinaldpo	reinaldo
reinandlo	reinaldo
reinando	reinaldo
reine	reinel
reined	reinel
reinozo	reinoso
reiunaldo	reinaldo
reiva	reina
rejes	rojas
relfe	rolfe
relisa	elisa
remijio	remigio
renas	arenas
rendo	rendón
renfijo	rengifo
reniel	reinel
renigio	remigio
renjifo	rengifo
renjigo	rengifo
reoseli	roseli
rescanebo	rescanevo
restom	néstor
restrespo	restrepo
resttrepo	restrepo
resurecion	resurrección
resurrecion	resurrección
retavista	retavisca
retiga	reatiga
reveca	rebeca
revelion	revellón
revera	rivera
revlo	revelo
rewdondo	redondo
reyas	reyes
reyesa	reyes
reynando	reynaldo
riai	riay
riañ	riaño
riana	triana
riano	riaño
riapire	riapira
riasco	riascos
riatica	riátiva
ribardo	libardo
riben	rubén
riberos	riveros
ribiano	rubiano
ricanevo	riscanevo
ricarco	ricardo
ricarddo	ricardo
ricarod	ricardo
ricauerte	ricaurte
ricaute	ricaurte
ricauter	ricaurte
richar	richard
ricon	rincón
ricrdo	ricardo
ricuaurte	ricaurte
ridardo	ricardo
ridriguez	rodríguez
riegoberto	rigoberto
rigober	rigoberto
rigueredo	figueredo
rijas	rivas
rilvera	rivera
rimcon	rincón
rimitiva	primitiva
rincom	rincón
rincxon	rincón
rinson	nirson
riodriguez	rodríguez
riomero	romero
rioncon	rincón
riopira	riapira
rioque	roque
rippe	ripe
riscanebo	riscanevo
riscaneo	riscanevo
riscanero	riscanevo
risinque	rusinque
risos	riso
ristobulo	aristóbulo
riuz	ruíz
rivadeneria	rivadeneira
rivea	rivera
riveras	riveros
riviera	rivera
rivillas	rivilla
rjas	rojas
rlbles	robles
rmario	mario
rmirez	ramírez
rmoreno	moreno
rncon	rincón
rnesto	ernesto
roajas	rojas
roajs	rojas
roam	roa
roamir	ramiro
roasa	rosa
robberth	roberth
robblez	robles
robefto	roberto
roben	rubén
robha	robba
roble	robles
robls	robles
roboban	roboán
robreto	roberto
robriguez	rodríguez
roc	roca
rocardo	ricardo
rocdriguez	rodríguez
rochem	roche
rochen	roche
roches	roche
rocriguez	rodríguez
roddriguez	rodríguez
roderiguez	rodríguez
roderos	ronderos
rodiguez	rodríguez
rodirguez	rodríguez
rodiriguez	rodríguez
rodirugez	rodríguez
rodkriguez	rodríguez
rodlriguez	rodríguez
rodolco	rodolfo
rodoldo	rodolfo
rodon	rondón
rodrdiguez	rodríguez
rodreiguez	rodríguez
rodrgiuez	rodríguez
rodrguez	rodríguez
rodrifguez	rodríguez
rodrifuez	rodríguez
rodrigez	rodríguez
rodrigfuez	rodríguez
rodrigguez	rodríguez
rodrigiuez	rodríguez
rodrigom	rodrigo
rodrigrez	rodríguez
rodrigtuez	rodríguez
rodriguaz	rodríguez
rodrigue	rodríguez
rodriguea	rodríguez
rodriguen	rodríguez
rodrigueza	rodríguez
rodriguezsa	rodríguez
rodriguezx	rodríguez
rodriguiez	rodríguez
rodrigurez	rodríguez
rodrigurz	rodríguez
rodriguuez	rodríguez
rodrihuez	rodríguez
rodriuez	rodríguez
rodruguez	rodríguez
rodruiguez	rodríguez
rodsriguez	rodríguez
rodtiguez	rodríguez
rodulf	rodulfo
rofdriguez	rodríguez
rofelio	rogelio
rofulfo	rodulfo
rogas	rojas
rogero	rogerio
rogilio	rogelio
rogoberto	rigoberto
rogriguez	rodríguez
roidriguez	rodríguez
roja	rojas
rojaas	rojas
rojar	rojas
rojelia	rogelia
rojelio	rogelio
rojsa	rojas
rolandso	rolando
roldriguez	rodríguez
romera	romero
romeroo	romero
romez	gómez
romiro	ramiro
romon	ramón
romos	ramos
roncancancio	roncancio
roncanchio	roncancio
roncancios	roncancio
ronchaguila	ronchanquira
roncon	rincón
rondero	ronderos
ronohaquira	ronchaquira
rooberto	roberto
roodriguez	rodríguez
roojas	rojas
roomero	romero
rooselveit	rooselvet
roosemberg	rosemberg
roossembelt	roosembel
ropdriguez	rodríguez
ropoero	ropero
rorero	forero
roriguez	rodríguez
rorres	torres
rorrez	torres
ros	rosa
rosaa	rosa
rosac	rosa
rosai	rosa
rosaio	rosario
rosalbel	rosabel
rosalbva	rosalba
rosalio	rosario
rosan	rosana
rosañba	rosalba
rosdalbina	rosalbina
rosend	rosendo
rosesvel	rosevel
rosio	rocío
rosirio	rosario
roslba	rosalba
rosolindo	rosolino
rosoliwo	rosolino
rosriguez	rodríguez
rosro	roso
rossillo	rosillo
rotth	ruth
roumaldo	romualdo
royo	rayo
rozzo	rozo
rpdriguez	rodríguez
rpjas	rojas
rpsa	rosa
rsa	rosa
rta	rita
rteyes	reyes
rube	rubén
rubel	rubén
ruberto	roberto
rubiamo	rubiano
rubiaqno	rubiano
ruble	rubi
rubles	robles
rubnen	rubén
rubuano	rubiano
rubyi	ruby
rudencido	rudecindo
rudencindo	rudecindo
rudriguos	rodrigo
ruedo	rueda
rufujio	refugio
ruha	rúa
ruhber	ruber
ruht	ruth
rui	ruíz
ruia	ruíz
ruis	ruíz
rujer	ruje
rujes	ruje
rumualdo	romualdo
rup	rud
rurmen	kurmen
rurover	ruver
rusero	rosero
rusmira	rosmira
russsi	russi
russu	russi
rusy	russy
rutn	ruth
ruvio	rubio
rvera	rivera
ryes	reyes
rynaldo	reynaldo
saaavedra	saavedra
saanchez	sánchez
saandoval	sandoval
saarai	sara
saavadra	saavedra
saavedrach	saavedra
saavedro	saavedra
saavedrsa	saavedra
saaverda	saavedra
sabaat	sabat
sabah	sabat
sabastian	sebastián
sabrain	sabaraín
sabulom	sabulón
sacanome	saganome
sacedo	salcedo
sachez	sánchez
sacristian	sacristán
sadino	sandino
sadra	sandra
saegura	segura
saen	sáenz
saens	sáenz
saez	sáenz
sagadome	saganome
saganone	saganome
sagobal	sabogal
sahenz	sáenz
saidia	saida
sainz	sáenz
sairas	sairías
sais	saiz
sajoneo	sajonero
sal	saúl
saladaña	saldaña
salamaca	salamanca
salamamca	salamanca
salamanaca	salamanca
salamanc	salamanca
salamca	salamanca
salamnca	salamanca
salamo	solano
salamon	salomón
salananca	salamanca
salanca	salamanca
salanmanca	salamanca
salano	solano
salanuevo	salanueva
salarzar	salazar
salasar	salazar
salaz	salas
salazr	salazar
salbador	salvador
salbeldo	salcedo
salbornoz	albornóz
salcero	salcedo
salceso	salcedo
saldana	saldaña
saldaño	saldaña
saldearraga	saldarriaga
saldoval	sandoval
saleme	salem
salestino	celestino
salgadao	salgado
salgados	salgado
salguer	salguero
salguera	salguero
salijnas	salinas
salimon	salomón
salledo	salcedo
salmamanca	salamanca
salmanca	salamanca
saloman	salomón
salomom	salomón
salsedo	salcedo
saltos	santos
salustriano	salustiano
salvadro	salvador
samabria	sanabria
samaco	samacá
samaniegop	samaniego
samaro	samora
sambogal	sabogal
sambraño	zambrano
samdino	sandino
samel	samuel
samict	samit
samiel	samuel
samora	zamora
sanabia	sanabria
sanabra	sanabria
sanabrai	sanabria
sanabraia	sanabria
sanabrias	sanabria
sanabruia	sanabria
sanachez	sánchez
sanadra	sandra
sananabria	sanabria
sanaria	sanabria
sanatos	santos
sanbrano	zambrano
sanbria	sanabria
sancehz	sánchez
sancha	suancha
sanche	sánchez
sanchea	sánchez
sanchezp	sánchez
sanchezs	sánchez
sanchsz	sánchez
sancjez	sánchez
sandaña	saldaña
sandaval	sandoval
sandobal	sandoval
sandovel	sandoval
sandovl	sandoval
sandovla	sandoval
sandre	sandra
sanenz	sáenz
sanez	sáenz
sanhez	sánchez
sania	sonia
saniel	daniel
sanra	sandra
santefa	santafé
santefe	santafé
santigao	santiago
santiste	santisteban
sanudio	samudio
sañudo	sanudo
sanz	sáenz
saoba	saba
saofia	sofía
saosa	sosa
sapulveda	sepúlveda
saqnchez	sánchez
sarahi	sahira
saraida	zoraida
sarate	zárate
sarazo	saraza
sarete	saret
sarmeinto	sarmiento
sarmient	sarmiento
sarmientos	sarmiento
sarmineto	sarmiento
sarminto	sarmiento
sarmrmiento	sarmiento
sartudina	saturdina
sasunaga	susunaga
satiba	sativa
satisteban	santisteban
satos	santos
satova	satoba
satre	sastre
sauarez	suárez
saucedo	salcedo
sauchez	sánchez
saucho	siaucho
saule	saulo
saumel	samuel
saurez	suárez
savarain	sabaraín
savato	sábato
savedra	saavedra
savier	xavier
sawenz	sáenz
sdanchez	sánchez
seberino	severino
sebero	severo
sedeno	cedeño
sedeño	cedeño
seerano	serrano
segavia	segovia
segimundo	segismundo
segindo	segundo
segio	sergio
seguia	segua
segunco	segundo
segunde	segundo
segundop	segundo
segungo	segundo
seguro	segura
seijas	seija
sejejoa	senejoa
seldana	saldana
selestino	celestino
selpuveda	sepúlveda
senai	sinaí
sendales	cendales
senejoc	senejoa
sension	ascención
senteh	seneth
sepeda	cepeda
sepilveda	sepúlveda
sepulvada	sepúlveda
sepulvda	sepúlveda
sepulvedas	sepúlveda
sepulvelda	sepúlveda
sepulvrda	sepúlveda
sepuveda	sepúlveda
sequeda	sequera
serano	serrano
sereafin	serafín
serfio	sergio
serguo	sergio
sermiento	sarmiento
seron	cerón
serranao	serrano
serrrano	serrano
servantes	cervantes
sesar	césar
sevastian	sebastián
sgundo	segundo
sgura	segura
shdloski	shalosky
siacacha	sichacá
siacho	siaucho
siacnhoque	siachoque
siadato	siabato
siagame	siatame
siagato	siabato
siahato	siabato
siarez	suárez
siatana	siatama
siauchoa	siaucho
siavato	siabato
sibato	siabato
sibocha	siboche
sicaha	sicacha
sicesion	sucesión
sichaco	sichacá
sicuania	sicuamia
sicuaria	sicuamia
sieera	sierra
siempia	siempira
siennn	sienn
sienpira	siempira
siera	sierra
sieraa	sierra
sierrra	sierra
sifia	sofía
sifigredo	sigifredo
sifredo	sigifredo
sifuentes	cifuentes
sigilfredo	sigifredo
sigria	siria
sigucho	siaucho
siguifredo	sigifredo
siguilfredo	sigifredo
silava	silva
silbaquera	simbaguera
silberio	silverio
silberto	gilberto
silbestre	silvestre
silbilina	sibilina
silbva	silva
silia	cilia
silivia	silvia
silv	silva
silvan	silva
silvaria	silvania
silveio	silverio
silvis	silvia
silvo	silvio
simanco	simanca
simbaquera	simbaqueba
simnds	simmonds
simom	simón
simonds	simmonds
simpira	siempira
sinbaqueba	simbaqueba
sinforozo	sinforoso
sinmos	simmonds
sinvaqueva	simbaqueba
sinvasica	simbasica
sipa	zipa
sipacon	cipacón
siranicicua	ciranicicua
sircunsicion	circunsición
siriarco	siriaco
sirico	siriaco
siro	ciro
sirrea	sierra
sirva	sierva
sirvo	siervo
sisifredo	sigifredo
sisneros	cisneros
sisto	sixto
sitachan	sotachán
siva	silva
sivestre	silvestre
sivino	silvino
sivio	silvio
sixmena	ximena
slacedo	salcedo
slamanca	salamanca
slavador	salvador
slazar	salazar
slcedo	salcedo
slva	silva
slvaro	álvaro
slvestre	silvestre
slvia	silvia
slvsro	álvaro
smorrz	smorz
snabria	sanabria
snachez	sánchez
snadra	sandra
snchez	sánchez
sned	asned
socadaguay	socadagui
socadogui	socadagui
socaragui	socadagui
sochas	socha
soche	socha
socho	socha
soelva	selva
soer	soler
sogamos	sogamoso
solamanca	salamanca
solao	solano
solarza	solorza
sole	soler
soleda	soledad
solere	solera
solero	solera
solio	soto
soliz	solís
solmaan	solman
solomon	salomón
sondoval	sandoval
sonnia	sonia
soracai	soraca
sorro	zorro
sose	sosa
sosoto	soto
sosraca	soraca
sostoque	sastoque
sot	soto
sotaqira	sotaquirá
sotgo	soto
sotoba	sotobán
sotomomte	sotomonte
sotquira	sotaquirá
sricaurte	ricaurte
srodriguez	rodríguez
ssanchez	sánchez
ssocha	socha
sther	esther
stillffrid	stillfried
storres	torres
strella	estrella
sttella	stella
suaerez	suárez
suaez	suárez
suarea	suárez
suarewz	suárez
suareza	suárez
suartez	suárez
suascun	suescún
suatrez	suárez
suavitas	suavita
suaz	suaza
sucecuin	sucesión
sucergia	sucerquia
sucesio	sucesión
sucr	sucre
suecun	suescún
sueraz	suárez
suerez	suárez
suesa	suesca
suescu	suesca
sugura	segura
suiga	suica
suluaga	zuluaga
sulvestre	silvestre
sumsapaz	sumapáz
suncion	asunción
supantive	supanteve
suparez	suárez
supelveda	sepúlveda
supulveda	sepúlveda
suraez	suárez
surez	suárez
surique	suarique
suscun	suescún
susecun	suescún
susped	suspe
suspedes	céspedes
sustanpira	sustampira
suzarez	suárez
suzrez	suárez
suzunuaga	susunaga
taazona	tarazona
tabacco	tabaco
tabaduiza	tibaduiza
taberio	tiberio
tabora	taborda
tacobo	jacobo
tadazona	tarazona
tadiana	tatiana
tafurh	tafúr
taide	aide
tairo	jairo
taite	taita
tajero	talero
tamajo	tamayo
tamo	tambo
tamyo	tamayo
tanarrosa	tunarrosa
tancon	toncón
tandio	tandioy
tanjo	tenjo
tapial	tapia
tapie	tapia
tapieros	tapiero
tarres	torres
tarsiso	tarciso
tarzona	tarazona
taterine	caterine
tatitana	tatiana
tavar	tovar
taverra	tavera
tebar	tobar
tejedro	tejedor
temisclotes	temístocles
temistocle	temístocles
tengua	tegua
teodomilaz	teodomila
teolfilo	teófilo
teowaldo	teovaldo
terersa	teresa
teresforo	telésforo
teresia	teresa
terez	teresa
terezqa	tereza
tertesa	teresa
tesesa	teresa
tetelva	tetelúa
teudulo	teudolo
teusillo	trujillo
tgarzon	garzón
tiabduiza	tibaduiza
tiatino	teatino
tibacan	tibagán
tibacay	tibacuy
tibaduisa	tibaduiza
tibaduza	tibaduiza
tibai	tibay
tibamozo	tibamoso
tibanoso	tibamozo
tibaquera	tibaquira
tibarija	tibavija
tibaudiza	tibaduiza
tibavila	tibavija
tibawue	tibaque
tiberi	tiberio
tibobija	tibabija
tiendra	tiedra
tigab	tiga
tijaca	tinjacá
tijanci	tojanci
tilberto	gilberto
tilsa	tilsia
tiltia	tilia
timbambre	tibambre
timeleon	timoleón
timoelon	timoleón
timoleo	timoleón
timoteon	timoleón
tineo	tinedo
tinjaco	tinjacá
tinoteo	timoteo
tiofelo	tiófilo
tiorres	torres
tiosaba	tiusaba
tipazola	tipazoca
tirres	torres
tirsio	tirso
tised	lised
tiufilde	teofilde
tiulfo	tulfo
tiuso	tiuzo
tivabija	tibavija
tivaduija	tibaduiza
tivamosa	tibamosa
tivata	tibatá
tivavija	tibavija
toarazona	tarazona
toasura	tovasura
tobaco	tabaco
tobaduiza	tibaduiza
tobasora	tobasura
tobazura	tobasura
tobiam	tobian
tobitos	tobito
tobvar	tovar
tocarrucho	tocarruncho
tocarrumcho	tocarruncho
tocaruncho	tocarruncho
toebaldo	teobaldo
toefilo	teófilo
tofanci	tojanci
tofansi	tojanci
togua	tongua
tojansi	tojanci
tolanda	yolanda
tolero	talero
tollez	téllez
toluza	toloza
tomero	romero
toncan	toncón
toncom	toncón
tones	toner
tongua	tangua
tonibio	toribio
tonoco	tinoco
tonocobia	tonocolia
tonsanci	tonsasci
toodoro	teodoro
toores	torres
tooro	toro
topiero	tapiero
torazona	tarazona
tordecilla	torrecilla
torers	torres
tores	torres
torneros	tornero
toroche	torache
toros	toro
torquino	tarquino
torra	torres
torree	torres
torrers	torres
torresa	torres
torresc	torres
torrres	torres
torrs	torres
totaitine	totaitive
totative	totaitive
tova	tovar
tovaria	tobaría
tovasura	tobasura
tovat	tovar
tozcano	toscano
tpias	tapias
tprres	torres
trache	torache
tracisio	tarcisio
trancito	tránsito
tranisto	tránsito
translavina	translaviña
traslavina	traslaviña
traslavino	traslaviña
trejo	trejos
trelos	trejos
triano	riaño
trigidia	frígida
trijillo	trujillo
trillo	trillos
trinadad	trinidad
trinana	triana
trindad	trinidad
trinidada	trinidad
tristanho	tristancho
trnasito	tránsito
trnsito	tránsito
trsitancho	tristancho
truga	truca
trujilla	trujillo
trujullo	trujillo
tuai	tuay
tubacuy	tibacuy
tuberio	tiberio
tuburcio	tiburcio
tufic	tufik
tuluio	tulio
tumarosa	tunarosa
tumas	tomás
tumqay	tumay
tunarroza	tunarrosa
tuni	toni
tunjazipa	tunjacipá
tunpanteve	tupanteve
tupantebe	tupanteve
tupantene	tupanteve
tupanteves	tupanteve
turgay	turbay
turge	jorge
ualberto	alberto
ualla	cualla
uanay	guanay
ubaldin	ubaldina
ubia	nubia
ubilema	ubilerma
ucastegui	uscátegui
uchamoncha	uchamocha
ucross	ucrós
udid	edid
uecaris	eucaris
uedosia	eudosia
uefracio	eufracio
uegenio	eugenio
uetimios	eutimio
uetiquiano	eutiquiano
ugo	hugo
uils	luis
ulaislao	uladislao
ulda	hilda
uldlarico	uldarico
ulejelo	eulejelo
ulejuelo	eulejelo
ulisee	ulises
ullo	ulloa
uloa	ulloa
umar	omar
umbacio	umbacia
umbarela	umbarila
umbarilla	umbarila
umbariva	umbariba
umberto	humberto
umelida	mélida
umibio	unibio
uncacia	uncaria
unchamoncha	uchamocha
uniz	inéz
unrisa	unriza
unrrisa	unriza
unrriza	unriza
upiano	ulpiano
upliano	ulpiano
uraña	ureña
urango	durango
urazn	urazán
urbamo	urbano
urego	urrego
ureil	uriel
urena	ureña
uriam	urian
uricochea	uricoechea
urientive	urintive
urintibe	urintive
uripides	eurípides
urisa	uriza
uritive	urintive
urra	urrea
urreco	urrego
urrega	urrego
urritia	urrutia
ursulla	úrsula
uruego	urego
uruena	urueña
urvano	urbano
usactegui	uscátegui
usaquin	usaquén
usarate	sárate
uscategue	uscátegui
uscateguy	uscátegui
uscateque	uscátegui
uscatequi	uscátegui
usebio	eusebio
useche	useche
usechi	useche
useta	useda
usma	usme
usmen	usme
usscategui	uscátegui
ustacio	eustacio
ustaquio	eustaquio
ustez	nustez
usueche	useche
usvaldo	osvaldo
uwaldina	uvaldina
uwaldino	uvaldino
uzaban	uyabán
uzacategui	uscátegui
vaaca	vaca
vaaliente	valiente
vabuena	valbuena
vacarez	vacares
vaderrama	valderrama
vaegara	vergara
vaelo	varelo
vaez	báez
vaga	vega
vagas	vargas
vain	iván
valaguera	balaguera
valancia	valencia
valandia	velandia
valasquez	velásquez
valazco	velasco
valbuana	valbuena
valbuna	valbuena
valcarcer	valcárcel
valcazar	balcázar
valderama	valderrama
valderra	valderrama
valderraa	valderrama
valderrema	valderrama
valderrma	valderrama
valdian	valdión
valdrrama	valderrama
valejo	vallejo
valenica	valencia
valentim	valentín
valerian	valeria
valerrama	valderrama
valetina	valentina
valets	valest
vallarez	vallares
valleja	vallejo
vallejos	vallejo
valsquez	vásquez
valvarcel	valcárcel
valvoa	balboa
vanefgas	vanegas
vanega	vanegas
vanegaz	vanegas
vaquez	vásquez
vaquijo	vaquiro
vara	vera
varacaldo	baracaldo
varagas	vargas
varags	vargas
varas	vargas
varcalcel	valcárcel
varcarcel	valcárcel
varelas	varela
varelo	varela
varg	vargas
varga	vargas
vargaas	vargas
vargal	vargas
vargar	vargas
vargara	vergara
vargasa	vargas
vargs	vargas
vargsa	vargas
varhgas	vargas
vasalla	vasallo
vasgas	vargas
vasqquez	vásquez
vasque	vásquez
vasrgas	vargas
vasuqez	vásquez
vauero	vaquero
vavuena	valbuena
vazques	vásquez
vbelarmino	belarmino
vcargas	vargas
vcolombia	colombia
vctor	víctor
veargas	vargas
vecencio	vicencio
vecente	vicente
vedoya	bedoya
vedugo	verdugo
vegal	vega
vegara	vergara
veha	vega
veladia	velandia
velalcar	belalcázar
velalcarcel	belalcázar
velalcazar	belalcázar
velanadia	velandia
velanda	velandia
velandai	velandia
velandaia	velandia
velandi	velandia
velandoia	velandia
velania	velandia
velanida	velandia
velascom	velasco
velascop	velasco
velasque	velásquez
velasques	velásquez
velasquz	velásquez
velazque	velásquez
velazques	velásquez
velbuena	valbuena
velen	belén
velero	valero
veles	vélez
velgara	vergara
velgel	vergel
vella	avella
vellamil	villamil
vellasco	velasco
vellejo	vallejo
velndia	velandia
velsques	belquis
velzaco	velasco
venacio	venancio
veñandia	velandia
venavidez	venavides
venencia	valencia
venito	benito
vepeda	cepeda
veragara	vergara
veramaria	vegamaría
verbal	verbel
verenise	verenice
vergas	vargas
vergell	vergel
verginia	virginia
vergona	verona
vergudo	verdugo
vermeo	bermeo
vernal	bernal
veron	cerón
versa	vera
versel	vergel
vetulia	betulia
vhavez	chávez
vianca	viancha
viausus	viasus
viayan	viajan
viazus	viasus
vicenmte	vicente
vichery	vinchery
vicneta	vicenta
vicotr	víctor
victior	víctor
victo	víctor
victoa	víctor
victro	víctor
vicyor	víctor
vide	vides
videz	vides
viecente	vicente
vieda	viedma
viguie	viguéz
viictor	víctor
viillamil	villamil
vila	villa
vilalba	villalba
vilalmizar	villamizar
vilalte	villate
vilate	villate
vilbao	bilbao
vilbuena	valbuena
vilfrido	wilfrido
villabon	villabón
villabos	villalobos
villafrader	villafrades
villafradez	villafrades
villagron	villagrán
villalovos	villalobos
villalua	villalva
villami	villamil
villamicar	villamizar
villamill	villamil
villamin	villamil
villamir	villamil
villamol	villamor
villan	millán
villanil	villamil
villanueba	villanueva
villanuieva	villanueva
villaquiran	villaquirán
villaruel	villareal
villater	villate
villatte	villate
villava	villalba
villescas	villesca
villezcas	villescas
villita	villeta
villkamarin	villamarín
villklanueva	villanueva
vincherry	vinchery
virguesz	virgues
virgunia	virginia
virigilio	virgilio
virtinia	virginia
virviesca	virviescas
visctor	víctor
visente	vicente
visitaciom	visitación
visitasion	visitación
vistor	víctor
visviescas	viviescas
viullamil	villamil
vivctor	víctor
viviezcas	viviescas
vivtoria	victoria
vixctor	víctor
vixtor	víctor
vlasquez	velásquez
vlero	valero
voctor	víctor
vogeli	vogell
vqalaguera	balaguera
vragas	vargas
vrgas	vargas
vrigilio	virgilio
vuictor	víctor
vurgos	burgos
wager	wagner
wakeo	waked
waldonado	maldonado
waltero	walteros
walterosc	walteros
walters	walteros
waltrer	walter
wather	walther
wduardo	eduardo
welvia	elvia
welvis	elvis
wemilio	emilio
wencislao	wenceslao
wenselao	wenceslao
wenseslado	wenceslado
wiancha	viancha
wiches	wilches
widerkely	widerkehr
wigberto	rigoberto
wiiliam	william
wilchaz	wilches
wilche	wilches
wilchhez	wilches
wildon	wilson
wilian	william
wiliiam	william
williame	william
williamn	william
williton	willinton
willlian	william
willson	wilson
willwiam	william
wilmqan	wilman
wilso	wilson
wilsom	wilson
wintingan	wittingham
wison	wilson
wittinhan	wittinghan
witton	wiston
wiulson	wilson
wladlo	waldo
wlches	wilches
wlimer	wilmer
wlliam	william
wlteros	walteros
wriel	uriel
wsbaldo	oswaldo
wseguera	seguera
wualteros	walteros
wuiliam	william
wuilliam	william
wuillian	william
wuilman	wilman
wuilson	wilson
wuitthigan	wittinghan
xastañeda	castañeda
xcarlos	carlos
yabe	yavé
yagana	yagama
yaguive	yaquive
yamylle	yamile
yanckeline	yackeline
yanif	yanid
yanive	nayive
yanteth	yaneth
yaquiline	yaqueline
yaquire	yaquive
yarife	yaride
yasenia	yesenia
yasid	yesid
yasmyn	yasmín
yatneth	yaneth
yavany	yovany
yega	vega
yelcira	elcira
yemny	yenny
yenado	venado
yennyy	yenny
yesecnia	yesenia
yesis	yesid
yezmin	yazmin
ygiovany	giovany
yguavita	guávita
yhasnery	hasnery
yhon	jhon
yilccen	yilcen
yinmy	yimmy
yiosela	yisela
yjorge	jorge
yofana	yohana
yolandda	yolanda
yoliman	yolima
yoneche	goneche
younp	young
yriam	myriam
yunia	yunis
zabato	sábato
zabria	sabria
zaes	sáenz
zalasar	salazar
zalazar	salazar
zalgado	salgado
zamabrano	zambrano
zamara	zamora
zambano	zambrano
zambarno	zambrano
zambrana	zambrano
zamidio	zamudio
zammora	zamora
zanabria	sanabria
zanaida	zenaida
zanbrano	zambrano
zanchez	sánchez
zandoval	sandoval
zañiga	zúñiga
zanin	sanín
zarasa	zaraza
zarazo	zaraza
zarazte	zárate
zarela	varela
zarrate	zárate
zarrazola	sarrazola
zatizabal	satizábal
zatoba	satoba
zaza	izaza
zequera	cequera
zerna	serna
zetaquira	sotaquirá
zilia	cilia
zimbaqueba	simbaqueba
zmora	zamora
zoilar	zoila
zolamo	solano
zolia	zoila
zooro	zorro
zordoba	córdoba
zosimo	zocimo
zosrro	zorro
zotaquirta	zotaquirá
zotelo	sotelo
zoto	soto
zsemelveis	szemelveisz
zuabieta	zubieta
zuan	juán
zubuieta	zubieta
zuentes	fuentes
zuescun	suescún
zulerma	zulema
zuletz	zuleta
zunguna	zanguña
zuniga	zúñiga
zzuria	zuria
